T,AT&T,Date,Open,High,Low,Close,Adj Close,Volume
T,AT&T,2018-03-09,28.074018,28.111782,27.809668,27.983383,18.584490,24918077
T,AT&T,2018-03-12,27.983383,28.376133,27.975830,28.217524,18.739986,29531820
T,AT&T,2018-03-13,28.361027,28.557402,28.141994,28.240181,18.755041,25399351
T,AT&T,2018-03-14,28.391239,28.391239,27.915407,27.968279,18.574461,24633285
T,AT&T,2018-03-15,28.013596,28.164654,27.953173,27.975830,18.579477,28967928
T,AT&T,2018-03-16,28.013596,28.202417,27.870090,27.945620,18.559414,49124372
T,AT&T,2018-03-19,27.930513,28.021149,27.545317,27.628399,18.348742,26000580
T,AT&T,2018-03-20,27.703926,27.809668,27.326284,27.447130,18.228355,26701240
T,AT&T,2018-03-21,27.447130,27.567976,27.190332,27.190332,18.057806,23086853
T,AT&T,2018-03-22,27.152569,27.220545,26.706949,26.714502,17.741795,37332696
T,AT&T,2018-03-23,26.714502,27.182779,26.095165,26.208460,17.405722,46377072
T,AT&T,2018-03-26,26.480364,26.654079,26.012085,26.200907,17.400705,41696070
T,AT&T,2018-03-27,26.321753,26.586103,26.200907,26.359516,17.506041,44831567
T,AT&T,2018-03-28,26.654079,27.077040,26.616314,26.858006,17.837099,40707969
T,AT&T,2018-03-29,26.948641,27.107250,26.450151,26.925982,17.882244,36494868
T,AT&T,2018-04-02,26.873112,26.933535,26.306646,26.510574,17.606363,38704360
T,AT&T,2018-04-03,26.555891,26.752266,26.321753,26.714502,17.741795,28969385
T,AT&T,2018-04-04,26.555891,27.145016,26.419941,27.099697,17.997614,27224220
T,AT&T,2018-04-05,27.137463,27.348944,26.948641,27.296074,18.128031,22644769
T,AT&T,2018-04-06,27.197886,27.341391,26.752266,26.910875,17.872210,33255438
T,AT&T,2018-04-09,26.616314,26.963745,26.480364,26.563444,17.975456,28968590
T,AT&T,2018-04-10,26.676737,27.484894,26.472811,27.046827,18.302563,52696259
T,AT&T,2018-04-11,26.933535,26.986404,26.570997,26.623867,18.016344,27864639
T,AT&T,2018-04-12,26.752266,26.790030,26.480364,26.555891,17.970345,29062065
T,AT&T,2018-04-13,26.593657,26.714502,26.450151,26.540785,17.960125,19032235
T,AT&T,2018-04-16,26.714502,27.054380,26.601208,26.918428,18.215673,32964025
T,AT&T,2018-04-17,26.956194,27.016617,26.669184,26.706949,18.072563,27255599
T,AT&T,2018-04-18,26.797583,26.842899,26.555891,26.593657,17.995899,28599724
T,AT&T,2018-04-19,26.616314,26.638973,26.291540,26.299093,17.796570,31172124
T,AT&T,2018-04-20,26.329306,26.480364,25.793051,26.185801,17.719900,42967507
T,AT&T,2018-04-23,26.216011,26.351965,26.125378,26.351965,17.832346,28084556
T,AT&T,2018-04-24,26.548338,26.684290,26.253777,26.435045,17.888565,28561593
T,AT&T,2018-04-25,26.336859,26.616314,26.231117,26.586103,17.990791,33485549
T,AT&T,2018-04-26,25.256798,25.453173,24.524170,25.000000,16.917477,175073050
T,AT&T,2018-04-27,25.030210,25.347431,24.939577,24.954683,16.886805,71773908
T,AT&T,2018-04-30,25.128399,25.234138,24.675226,24.697886,16.713036,61108955
T,AT&T,2018-05-01,24.735649,24.856495,24.441088,24.577040,16.631258,47421840
T,AT&T,2018-05-02,24.645016,24.645016,24.093657,24.214502,16.385927,53196466
T,AT&T,2018-05-03,24.199396,24.282476,23.874622,24.123867,16.324593,53352169
T,AT&T,2018-05-04,24.123867,24.373112,24.033234,24.274923,16.426817,33814298
T,AT&T,2018-05-07,24.335346,24.358006,24.055891,24.199396,16.375702,34776581
T,AT&T,2018-05-08,24.146526,24.169184,23.851965,23.942598,16.201933,44372404
T,AT&T,2018-05-09,23.889729,23.950151,23.542295,23.716011,16.048603,49642586
T,AT&T,2018-05-10,23.851965,24.191843,23.791540,24.078550,16.293930,39600046
T,AT&T,2018-05-11,24.169184,24.403322,24.161631,24.388218,16.503479,36426285
T,AT&T,2018-05-14,24.463745,24.531721,24.244713,24.312689,16.452370,35608980
T,AT&T,2018-05-15,24.274923,24.350452,24.025681,24.237160,16.401262,35095003
T,AT&T,2018-05-16,24.237160,24.478851,24.206949,24.395769,16.508591,25230541
T,AT&T,2018-05-17,24.456194,24.478851,24.093657,24.116314,16.319487,33656874
T,AT&T,2018-05-18,24.123867,24.244713,24.003021,24.206949,16.380817,28969650
T,AT&T,2018-05-21,24.290030,24.660122,24.093657,24.614803,16.656813,37984104
T,AT&T,2018-05-22,24.645016,24.780968,24.471298,24.493958,16.575035,38908785
T,AT&T,2018-05-23,24.486404,24.569487,24.206949,24.418428,16.523930,34379249
T,AT&T,2018-05-24,24.463745,24.780968,24.327795,24.758308,16.753922,46677223
T,AT&T,2018-05-25,24.697886,24.712992,24.463745,24.554380,16.615921,28884781
T,AT&T,2018-05-29,24.516617,24.539274,24.274923,24.418428,16.523930,35691200
T,AT&T,2018-05-30,24.441088,24.652569,24.380665,24.599697,16.646589,31955799
T,AT&T,2018-05-31,24.561934,24.584593,24.290030,24.410875,16.518814,38948770
T,AT&T,2018-06-01,24.531721,24.629910,24.441088,24.524170,16.595480,31463933
T,AT&T,2018-06-04,24.607250,24.682779,24.448641,24.478851,16.564814,24333399
T,AT&T,2018-06-05,24.478851,24.705439,24.395769,24.682779,16.702806,30999209
T,AT&T,2018-06-06,24.750755,25.347431,24.622356,25.211479,17.060581,45205729
T,AT&T,2018-06-07,24.977341,25.657101,24.848944,25.536255,17.280357,56352882
T,AT&T,2018-06-08,25.422960,25.702417,25.362537,25.551359,17.290579,43935086
T,AT&T,2018-06-11,25.657101,26.042295,25.536255,25.815710,17.469460,49197060
T,AT&T,2018-06-12,26.064955,26.080059,25.740181,25.944109,17.556353,78647321
T,AT&T,2018-06-13,24.924471,25.030210,24.327795,24.335346,16.467701,258289495
T,AT&T,2018-06-14,24.622356,24.909367,24.244713,24.561934,16.621037,117442904
T,AT&T,2018-06-15,24.637463,25.128399,24.282476,25.037764,16.943029,150914551
T,AT&T,2018-06-18,24.939577,24.954683,24.244713,24.312689,16.452370,104138823
T,AT&T,2018-06-19,24.169184,24.622356,24.138973,24.463745,16.554594,115643059
T,AT&T,2018-06-20,24.546827,24.607250,24.131420,24.169184,16.355263,73886085
T,AT&T,2018-06-21,24.244713,24.395769,23.799093,23.867069,16.150824,68087230
T,AT&T,2018-06-22,23.965258,24.086103,23.799093,23.935045,16.196819,82958662
T,AT&T,2018-06-25,23.904835,24.131420,23.851965,23.950151,16.207043,64377382
T,AT&T,2018-06-26,23.965258,24.025681,23.716011,23.882175,16.161045,59108126
T,AT&T,2018-06-27,24.154079,24.206949,23.897282,23.904835,16.176374,61469348
T,AT&T,2018-06-28,23.980364,24.410875,23.912388,24.312689,16.452370,55928276
T,AT&T,2018-06-29,24.358006,24.539274,24.206949,24.252266,16.411482,55645999
T,AT&T,2018-07-02,24.290030,24.403322,24.169184,24.327795,16.462595,50002449
T,AT&T,2018-07-03,24.358006,24.765862,24.305136,24.705439,16.718143,44857650
T,AT&T,2018-07-05,24.735649,24.773415,24.516617,24.622356,16.661924,46895286
T,AT&T,2018-07-06,24.667673,24.728098,24.509064,24.682779,16.702806,54541518
T,AT&T,2018-07-09,24.350452,24.448641,24.252266,24.282476,16.771669,57539848
T,AT&T,2018-07-10,24.350452,24.546827,24.267372,24.546827,16.954258,51435414
T,AT&T,2018-07-11,24.380665,24.433535,24.063444,24.070997,16.625605,51941182
T,AT&T,2018-07-12,24.214502,24.403322,24.093657,24.342899,16.813404,58851800
T,AT&T,2018-07-13,24.078550,24.108761,23.791540,23.919941,16.521273,70635135
T,AT&T,2018-07-16,23.950151,24.161631,23.904835,24.093657,16.641256,43981029
T,AT&T,2018-07-17,24.070997,24.252266,23.950151,23.987915,16.568220,48245236
T,AT&T,2018-07-18,24.033234,24.131420,23.942598,23.950151,16.542137,59012004
T,AT&T,2018-07-19,23.965258,24.003021,23.602718,23.617825,16.312605,68428822
T,AT&T,2018-07-20,23.663141,23.700907,23.444109,23.489426,16.223919,48517053
T,AT&T,2018-07-23,23.519636,23.564955,23.262840,23.413897,16.171755,49376329
T,AT&T,2018-07-24,23.602718,23.927492,23.421450,23.927492,16.526485,67484015
T,AT&T,2018-07-25,23.489426,23.549849,22.756798,22.847431,15.780497,127781491
T,AT&T,2018-07-26,22.930513,23.081572,22.885197,22.922960,15.832666,58705498
T,AT&T,2018-07-27,22.998489,23.572508,22.922960,23.474319,16.213484,60943985
T,AT&T,2018-07-30,23.836859,24.267372,23.753777,24.169184,16.693419,84792932
T,AT&T,2018-07-31,24.274923,24.425982,24.123867,24.146526,16.677773,62956068
T,AT&T,2018-08-01,24.320242,24.373112,24.025681,24.093657,16.641256,41515609
T,AT&T,2018-08-02,24.055891,24.244713,23.995468,24.055891,16.615177,41306020
T,AT&T,2018-08-03,24.093657,24.380665,23.987915,24.373112,16.834272,35197746
T,AT&T,2018-08-06,24.327795,24.410875,24.169184,24.252266,16.750803,39835585
T,AT&T,2018-08-07,24.237160,24.501511,24.146526,24.471298,16.902088,36200146
T,AT&T,2018-08-08,24.531721,24.569487,24.395769,24.441088,16.881222,29064448
T,AT&T,2018-08-09,24.471298,24.546827,24.350452,24.539274,16.949038,22388046
T,AT&T,2018-08-10,24.463745,24.478851,24.290030,24.365559,16.829054,28441506
T,AT&T,2018-08-13,24.365559,24.425982,24.305136,24.327795,16.802971,30159926
T,AT&T,2018-08-14,24.350452,24.456194,24.327795,24.350452,16.818623,23881650
T,AT&T,2018-08-15,24.380665,24.584593,24.267372,24.524170,16.938606,39232106
T,AT&T,2018-08-16,24.569487,25.030210,24.569487,24.992447,17.262043,49497475
T,AT&T,2018-08-17,24.969790,25.120846,24.894260,24.947130,17.230740,34647226
T,AT&T,2018-08-20,25.030210,25.113293,24.932024,25.007553,17.272478,31105394
T,AT&T,2018-08-21,25.173716,25.362537,25.158609,25.226585,17.423759,37627153
T,AT&T,2018-08-22,25.075529,25.075529,24.667673,24.682779,17.048155,45223736
T,AT&T,2018-08-23,24.690332,24.765862,24.478851,24.539274,16.949038,28404566
T,AT&T,2018-08-24,24.516617,24.728098,24.516617,24.652569,17.027290,21492889
T,AT&T,2018-08-27,24.728098,24.947130,24.712992,24.796074,17.126406,23296972
T,AT&T,2018-08-28,24.780968,24.796074,24.645016,24.675226,17.042940,21825743
T,AT&T,2018-08-29,24.667673,24.697886,24.327795,24.342899,16.813404,33315018
T,AT&T,2018-08-30,24.320242,24.410875,24.070997,24.138973,16.672556,33840646
T,AT&T,2018-08-31,24.131420,24.161631,23.957705,24.123867,16.662121,41386784
T,AT&T,2018-09-04,24.003021,24.123867,23.776436,24.063444,16.620388,33314753
T,AT&T,2018-09-05,23.980364,24.206949,23.821753,24.184290,16.703854,35382046
T,AT&T,2018-09-06,24.267372,24.403322,24.169184,24.305136,16.787323,33955436
T,AT&T,2018-09-07,24.290030,24.463745,24.237160,24.259819,16.756023,34103327
T,AT&T,2018-09-10,24.380665,24.690332,24.320242,24.463745,16.896875,34780156
T,AT&T,2018-09-11,24.531721,24.773415,24.524170,24.675226,17.042940,34892431
T,AT&T,2018-09-12,24.803625,25.415407,24.803625,25.241692,17.434191,65719388
T,AT&T,2018-09-13,25.256798,25.445620,24.992447,25.438066,17.569826,45818079
T,AT&T,2018-09-14,25.385197,25.415407,25.151056,25.377644,17.528091,43936675
T,AT&T,2018-09-17,25.377644,25.536255,25.249245,25.392750,17.538527,33820653
T,AT&T,2018-09-18,25.347431,25.619335,25.211479,25.468279,17.590696,44568356
T,AT&T,2018-09-19,25.626888,25.649548,25.113293,25.203926,17.408108,41038704
T,AT&T,2018-09-20,25.294561,25.324774,25.037764,25.256798,17.444626,32803159
T,AT&T,2018-09-21,25.717524,25.861027,25.513596,25.513596,17.621996,172328000
T,AT&T,2018-09-24,25.868580,25.891239,25.490936,25.611782,17.689806,48180625
T,AT&T,2018-09-25,25.513596,25.823263,25.445620,25.498489,17.611563,40622306
T,AT&T,2018-09-26,25.551359,25.611782,25.181269,25.188822,17.397673,43533782
T,AT&T,2018-09-27,25.249245,25.506042,25.128399,25.241692,17.434191,32880878
T,AT&T,2018-09-28,25.234138,25.438066,25.158609,25.362537,17.517662,29197113
T,AT&T,2018-10-01,25.422960,25.490936,25.219032,25.294561,17.470709,29813567
T,AT&T,2018-10-02,25.324774,25.626888,25.287008,25.619335,17.695024,39724502
T,AT&T,2018-10-03,25.740181,25.770393,25.506042,25.619335,17.695024,35349608
T,AT&T,2018-10-04,25.551359,25.785498,25.324774,25.770393,17.799360,36434097
T,AT&T,2018-10-05,25.823263,25.906343,25.574018,25.672205,17.731546,37956167
T,AT&T,2018-10-08,25.687311,25.815710,25.513596,25.762840,17.794146,37166931
T,AT&T,2018-10-09,25.445620,25.453173,25.302114,25.302114,17.821810,36894716
T,AT&T,2018-10-10,25.400303,25.672205,24.803625,24.811178,17.476011,60268612
T,AT&T,2018-10-11,24.796074,24.969790,23.912388,23.980364,16.890820,84334960
T,AT&T,2018-10-12,24.312689,24.441088,24.055891,24.358006,17.156815,57132718
T,AT&T,2018-10-15,24.373112,24.675226,24.327795,24.441088,17.215334,44013202
T,AT&T,2018-10-16,24.448641,24.524170,24.282476,24.463745,17.231293,37136479
T,AT&T,2018-10-17,24.478851,24.712992,24.380665,24.599697,17.327051,39605606
T,AT&T,2018-10-18,24.599697,24.811178,24.350452,24.546827,17.289814,40679900
T,AT&T,2018-10-19,24.509064,24.886707,24.403322,24.826284,17.486652,46516092
T,AT&T,2018-10-22,24.856495,24.894260,24.614803,24.675226,17.380255,30573676
T,AT&T,2018-10-23,24.697886,25.135952,24.206949,24.939577,17.566450,70738937
T,AT&T,2018-10-24,23.965258,24.018127,22.854984,22.930513,16.151342,157361240
T,AT&T,2018-10-25,23.149548,23.194864,22.477341,22.643505,15.949188,101822750
T,AT&T,2018-10-26,22.575529,22.605740,21.790030,21.971298,15.475714,102825150
T,AT&T,2018-10-29,22.348944,22.900303,22.122356,22.386707,15.768312,65233480
T,AT&T,2018-10-30,22.545317,23.104231,22.522659,23.013596,16.209867,65072879
T,AT&T,2018-10-31,23.179758,23.398792,22.749245,23.172205,16.321583,59387755
T,AT&T,2018-11-01,23.406343,23.451662,22.945620,23.028702,16.220507,46842988
T,AT&T,2018-11-02,23.134441,23.345921,22.922960,23.051359,16.236467,44376640
T,AT&T,2018-11-05,23.134441,23.308157,23.089125,23.134441,16.294985,36206766
T,AT&T,2018-11-06,23.141994,23.391239,23.043806,23.383686,16.470545,32187234
T,AT&T,2018-11-07,23.406343,23.512085,23.179758,23.489426,16.545023,40827261
T,AT&T,2018-11-08,23.474319,23.534742,23.323263,23.444109,16.513098,39121022
T,AT&T,2018-11-09,23.398792,23.474319,22.990936,23.179758,16.326902,52952983
T,AT&T,2018-11-12,23.187311,23.587612,23.149548,23.247734,16.374783,34338337
T,AT&T,2018-11-13,23.300604,23.338369,22.870090,22.907854,16.135386,33948684
T,AT&T,2018-11-14,23.074018,23.202417,22.741692,23.043806,16.231146,41432594
T,AT&T,2018-11-15,22.922960,22.938066,22.583082,22.749245,16.023666,51526638
T,AT&T,2018-11-16,22.711479,22.975830,22.620846,22.877644,16.114103,38302658
T,AT&T,2018-11-19,22.915407,23.187311,22.817221,22.922960,16.146025,37015995
T,AT&T,2018-11-20,22.635952,22.794561,22.205439,22.220545,15.651275,54806053
T,AT&T,2018-11-21,22.280968,22.681269,22.212992,22.484894,15.837465,40125806
T,AT&T,2018-11-23,22.477341,22.477341,22.167673,22.175226,15.619354,17742924
T,AT&T,2018-11-26,22.394260,22.771902,22.386707,22.620846,15.933229,47387946
T,AT&T,2018-11-27,22.537764,23.028702,22.447130,22.990936,16.193903,42574147
T,AT&T,2018-11-28,22.990936,23.315710,22.922960,23.217524,16.353506,45639472
T,AT&T,2018-11-29,22.938066,23.194864,22.809668,23.089125,16.263067,40881545
T,AT&T,2018-11-30,23.194864,23.738670,23.172205,23.595165,16.619499,106538705
T,AT&T,2018-12-03,23.972811,24.093657,23.648035,23.950151,16.869539,57899712
T,AT&T,2018-12-04,23.965258,24.176737,23.164654,23.209970,16.348186,59356641
T,AT&T,2018-12-06,23.021149,23.081572,22.545317,23.058912,16.241785,68847073
T,AT&T,2018-12-07,22.824774,23.323263,22.666162,22.764351,16.034307,49616370
T,AT&T,2018-12-10,22.719032,22.726585,22.031721,22.590633,15.911949,54352980
T,AT&T,2018-12-11,22.990936,23.164654,22.348944,22.432024,15.800229,65621809
T,AT&T,2018-12-12,22.741692,22.877644,22.605740,22.779455,16.044947,54156499
T,AT&T,2018-12-13,22.726585,22.802114,22.318731,22.590633,15.911949,65005487
T,AT&T,2018-12-14,22.530210,22.960726,22.432024,22.824774,16.076868,56589614
T,AT&T,2018-12-17,22.756798,22.839878,22.356495,22.552870,15.885348,58284731
T,AT&T,2018-12-18,22.379154,22.673716,22.356495,22.469790,15.826831,58914160
T,AT&T,2018-12-19,22.598186,22.885197,22.364048,22.522659,15.864068,68079550
T,AT&T,2018-12-20,22.537764,22.552870,21.291540,21.638973,15.241635,101572381
T,AT&T,2018-12-21,21.404835,22.084593,21.253777,21.382175,15.060759,105470767
T,AT&T,2018-12-24,21.306646,21.367069,20.664654,20.664654,14.555360,54429772
T,AT&T,2018-12-26,20.770393,21.223564,20.241692,21.208460,14.938401,75985949
T,AT&T,2018-12-27,21.004532,21.268883,20.521149,21.261330,14.975637,77548269
T,AT&T,2018-12-28,21.291540,21.752266,21.276436,21.495468,15.140555,66978909
T,AT&T,2018-12-31,21.578550,21.631420,21.216011,21.555891,15.183114,69988626
T,AT&T,2019-01-02,21.525681,22.348944,21.374622,22.311178,15.715107,52025256
T,AT&T,2019-01-03,22.296074,22.515106,22.061934,22.341391,15.736387,49787166
T,AT&T,2019-01-04,22.628399,22.945620,22.575529,22.915407,16.140707,55703858
T,AT&T,2019-01-07,23.209970,23.617825,22.975830,23.330816,16.433302,54377872
T,AT&T,2019-01-08,23.648035,23.700907,23.436556,23.625378,16.640779,57683105
T,AT&T,2019-01-09,23.323263,23.323263,22.635952,22.734138,16.366325,58660217
T,AT&T,2019-01-10,22.696375,23.021149,22.522659,22.960726,16.529444,42388654
T,AT&T,2019-01-11,22.960726,23.376133,22.892750,23.315710,16.785004,38308086
T,AT&T,2019-01-14,23.187311,23.247734,22.953173,23.126888,16.649065,32395897
T,AT&T,2019-01-15,23.051359,23.111782,22.832327,23.111782,16.638193,35397670
T,AT&T,2019-01-16,23.058912,23.225077,22.922960,23.081572,16.616440,32430586
T,AT&T,2019-01-17,23.074018,23.225077,22.968279,23.141994,16.659941,34777508
T,AT&T,2019-01-18,23.277946,23.436556,23.051359,23.383686,16.833937,57261808
T,AT&T,2019-01-22,23.353474,23.406343,22.975830,23.096678,16.627317,49859854
T,AT&T,2019-01-23,23.202417,23.338369,23.104231,23.330816,16.795874,36879490
T,AT&T,2019-01-24,23.247734,23.247734,22.862537,23.111782,16.638193,32297391
T,AT&T,2019-01-25,23.172205,23.444109,23.141994,23.157101,16.670815,40353402
T,AT&T,2019-01-28,23.126888,23.172205,22.983383,23.164654,16.676252,41081866
T,AT&T,2019-01-29,23.126888,23.187311,22.998489,23.187311,16.692566,41497735
T,AT&T,2019-01-30,22.628399,22.960726,21.910875,22.182779,15.969404,123070434
T,AT&T,2019-01-31,22.280968,22.726585,22.016617,22.703926,16.344572,69082348
T,AT&T,2019-02-01,22.817221,22.930513,22.583082,22.658609,16.311951,54384889
T,AT&T,2019-02-04,22.681269,22.681269,22.326284,22.364048,16.099897,51681413
T,AT&T,2019-02-05,22.409367,22.439577,22.250755,22.379154,16.110773,38762616
T,AT&T,2019-02-06,22.432024,22.500000,22.296074,22.326284,16.072712,30356937
T,AT&T,2019-02-07,22.311178,22.326284,21.842899,22.243202,16.012901,50163315
T,AT&T,2019-02-08,22.205439,22.326284,21.978851,22.318731,16.067276,32148838
T,AT&T,2019-02-11,22.341391,22.537764,22.250755,22.439577,16.154272,38471865
T,AT&T,2019-02-12,22.545317,22.681269,22.454683,22.515106,16.208645,39705568
T,AT&T,2019-02-13,22.515106,22.567976,22.280968,22.537764,16.224953,39773092
T,AT&T,2019-02-14,22.432024,22.666162,22.318731,22.500000,16.197767,34220369
T,AT&T,2019-02-15,22.681269,23.051359,22.605740,23.013596,16.567507,49237839
T,AT&T,2019-02-19,23.006042,23.172205,22.892750,23.134441,16.654505,32719218
T,AT&T,2019-02-20,23.141994,23.368580,23.006042,23.300604,16.774126,32767808
T,AT&T,2019-02-21,23.308157,23.459215,23.134441,23.285498,16.763250,35192450
T,AT&T,2019-02-22,23.376133,23.557402,23.277946,23.527189,16.937244,30924933
T,AT&T,2019-02-25,23.602718,23.632931,23.429003,23.512085,16.926367,32325063
T,AT&T,2019-02-26,23.519636,23.738670,23.383686,23.580059,16.975304,39276195
T,AT&T,2019-02-27,23.587612,23.617825,23.247734,23.459215,16.888313,34886738
T,AT&T,2019-02-28,23.459215,23.617825,23.391239,23.504532,16.920933,37371224
T,AT&T,2019-03-01,23.564955,23.595165,23.141994,23.277946,16.757814,40505000
T,AT&T,2019-03-04,23.376133,23.376133,22.409367,22.643505,16.301081,65515095
T,AT&T,2019-03-05,22.673716,22.696375,22.507553,22.620846,16.284765,34463455
T,AT&T,2019-03-06,22.658609,22.764351,22.484894,22.515106,16.208645,32544317
T,AT&T,2019-03-07,22.552870,22.711479,22.507553,22.598186,16.268456,32869756
T,AT&T,2019-03-08,22.545317,22.703926,22.462236,22.628399,16.290205,29797812
T,AT&T,2019-03-11,22.643505,22.892750,22.620846,22.824774,16.431576,34448494
T,AT&T,2019-03-12,22.847431,23.338369,22.824774,23.134441,16.654505,43009610
T,AT&T,2019-03-13,23.149548,23.202417,22.817221,22.870090,16.464199,36677713
T,AT&T,2019-03-14,22.870090,23.028702,22.817221,22.870090,16.464199,29249014
T,AT&T,2019-03-15,23.043806,23.172205,22.885197,23.164654,16.676252,70650758
T,AT&T,2019-03-18,23.172205,23.293051,23.104231,23.262840,16.746941,30882432
T,AT&T,2019-03-19,23.315710,23.451662,23.081572,23.172205,16.681686,38039182
T,AT&T,2019-03-20,23.104231,23.232628,22.960726,23.043806,16.589256,32656328
T,AT&T,2019-03-21,22.998489,23.527189,22.998489,23.459215,16.888313,34878529
T,AT&T,2019-03-22,23.413897,23.670694,23.413897,23.466766,16.893742,43918934
T,AT&T,2019-03-25,23.489426,23.527189,23.149548,23.240181,16.730627,33938489
T,AT&T,2019-03-26,23.391239,23.731117,23.368580,23.708460,17.067741,32179688
T,AT&T,2019-03-27,23.648035,23.897282,23.602718,23.716011,17.073177,35408526
T,AT&T,2019-03-28,23.731117,23.791540,23.315710,23.421450,16.861124,35743234
T,AT&T,2019-03-29,23.534742,23.708460,23.391239,23.685801,17.051430,41847006
T,AT&T,2019-04-01,23.867069,24.161631,23.821753,24.131420,17.372229,50012511
T,AT&T,2019-04-02,24.101208,24.131420,23.829306,23.889729,17.198236,42296239
T,AT&T,2019-04-03,24.018127,24.138973,23.897282,24.070997,17.328733,38104720
T,AT&T,2019-04-04,24.131420,24.267372,24.108761,24.154079,17.388542,37352688
T,AT&T,2019-04-05,24.222054,24.441088,24.108761,24.433535,17.589724,52865599
T,AT&T,2019-04-08,24.509064,24.561934,24.312689,24.463745,17.611471,49321648
T,AT&T,2019-04-09,24.055891,24.086103,23.821753,23.980364,17.631042,35455396
T,AT&T,2019-04-10,23.980364,24.199396,23.972811,24.078550,17.703236,26990932
T,AT&T,2019-04-11,24.108761,24.358006,24.078550,24.320242,17.880928,33008512
T,AT&T,2019-04-12,24.395769,24.410875,24.138973,24.320242,17.880928,34451936
T,AT&T,2019-04-15,24.327795,24.358006,24.123867,24.184290,17.780972,25769939
T,AT&T,2019-04-16,24.259819,24.358006,24.123867,24.358006,17.908697,28733316
T,AT&T,2019-04-17,24.229607,24.320242,24.131420,24.131420,17.742104,29610995
T,AT&T,2019-04-18,24.131420,24.244713,24.055891,24.191843,17.786528,30872370
T,AT&T,2019-04-22,24.184290,24.305136,24.108761,24.229607,17.814293,29444568
T,AT&T,2019-04-23,24.214502,24.380665,24.078550,24.244713,17.825401,41937700
T,AT&T,2019-04-24,23.466766,23.859516,23.051359,23.255287,17.097944,95658073
T,AT&T,2019-04-25,23.141994,23.149548,22.696375,22.915407,16.848057,58284201
T,AT&T,2019-04-26,23.013596,23.383686,22.870090,23.172205,17.036858,46593943
T,AT&T,2019-04-29,23.345921,23.648035,23.277946,23.323263,17.147924,42053815
T,AT&T,2019-04-30,23.368580,23.519636,23.232628,23.383686,17.192347,46341721
T,AT&T,2019-05-01,23.451662,23.572508,23.247734,23.255287,17.097944,35810228
T,AT&T,2019-05-02,23.383686,23.421450,23.104231,23.126888,17.003544,39338026
T,AT&T,2019-05-03,23.157101,23.255287,23.089125,23.187311,17.047970,37370694
T,AT&T,2019-05-06,23.006042,23.141994,22.945620,23.104231,16.986887,33340968
T,AT&T,2019-05-07,23.051359,23.104231,22.870090,23.058912,16.953564,34121069
T,AT&T,2019-05-08,22.953173,23.036255,22.787008,22.885197,16.825848,33120125
T,AT&T,2019-05-09,22.862537,22.998489,22.756798,22.945620,16.870268,35851802
T,AT&T,2019-05-10,22.847431,23.202417,22.779455,23.126888,17.003544,29145609
T,AT&T,2019-05-13,22.922960,23.149548,22.915407,23.013596,16.920246,36692409
T,AT&T,2019-05-14,23.187311,23.700907,23.126888,23.481873,17.264540,49683365
T,AT&T,2019-05-15,23.444109,23.640484,23.330816,23.602718,17.353388,31685041
T,AT&T,2019-05-16,23.678247,24.078550,23.678247,23.882175,17.558855,31292608
T,AT&T,2019-05-17,23.723564,24.169184,23.700907,24.018127,17.658806,40897698
T,AT&T,2019-05-20,24.380665,24.984894,24.138973,24.312689,17.875378,70774685
T,AT&T,2019-05-21,24.350452,24.652569,24.237160,24.478851,17.997545,30867074
T,AT&T,2019-05-22,24.350452,24.509064,24.259819,24.380665,17.925352,26465171
T,AT&T,2019-05-23,24.305136,24.410875,24.116314,24.274923,17.847610,32657122
T,AT&T,2019-05-24,24.410875,24.433535,24.244713,24.373112,17.919802,21391471
T,AT&T,2019-05-28,24.418428,24.486404,24.101208,24.116314,17.730993,32468584
T,AT&T,2019-05-29,24.101208,24.327795,23.935045,24.101208,17.719889,35680344
T,AT&T,2019-05-30,24.138973,24.222054,23.897282,24.063444,17.692125,32077342
T,AT&T,2019-05-31,23.459215,23.534742,22.945620,23.096678,16.981333,65422282
T,AT&T,2019-06-03,23.202417,23.678247,23.172205,23.481873,17.264540,48092446
T,AT&T,2019-06-04,23.708460,23.791540,23.398792,23.776436,17.481106,41391153
T,AT&T,2019-06-05,23.882175,23.950151,23.731117,23.927492,17.592169,27050379
T,AT&T,2019-06-06,24.018127,24.297583,23.942598,24.244713,17.825401,32321091
T,AT&T,2019-06-07,24.297583,24.697886,24.274923,24.539274,18.041967,42087842
T,AT&T,2019-06-10,24.690332,24.924471,24.063444,24.116314,17.730993,40947745
T,AT&T,2019-06-11,24.214502,24.501511,24.191843,24.252266,17.830952,25967082
T,AT&T,2019-06-12,24.252266,24.403322,24.191843,24.305136,17.869822,25530560
T,AT&T,2019-06-13,24.335346,24.418428,24.259819,24.388218,17.930908,22340382
T,AT&T,2019-06-14,24.425982,24.501511,24.305136,24.433535,17.964230,26279414
T,AT&T,2019-06-17,24.358006,24.463745,24.297583,24.395769,17.936460,22262001
T,AT&T,2019-06-18,24.501511,24.697886,24.471298,24.501511,18.014206,27187148
T,AT&T,2019-06-19,24.577040,24.614803,24.410875,24.478851,17.997545,28081510
T,AT&T,2019-06-20,24.607250,24.622356,24.403322,24.577040,18.069736,35835384
T,AT&T,2019-06-21,24.690332,24.697886,24.486404,24.509064,18.019758,51925426
T,AT&T,2019-06-24,24.539274,24.690332,24.516617,24.607250,18.091948,28790910
T,AT&T,2019-06-25,24.622356,24.622356,24.509064,24.584593,18.075287,25460123
T,AT&T,2019-06-26,24.614803,24.765862,24.561934,24.569487,18.064180,37020232
T,AT&T,2019-06-27,24.743202,24.947130,24.592146,24.909367,18.314072,37316013
T,AT&T,2019-06-28,24.954683,25.339878,24.864048,25.309668,18.608385,53981201
T,AT&T,2019-07-01,25.536255,25.604231,25.226585,25.249245,18.563957,42843978
T,AT&T,2019-07-02,25.279455,25.581572,25.203926,25.558912,18.791637,35260636
T,AT&T,2019-07-03,25.649548,25.709970,25.581572,25.664654,18.869377,26660726
T,AT&T,2019-07-05,25.664654,25.959215,25.634441,25.906343,19.047077,32447268
T,AT&T,2019-07-08,25.777946,25.951662,25.732628,25.868580,19.019316,42167017
T,AT&T,2019-07-09,25.370090,25.422960,25.226585,25.332327,18.999620,41013548
T,AT&T,2019-07-10,25.483383,25.558912,25.392750,25.498489,19.124247,33566180
T,AT&T,2019-07-11,25.672205,25.694864,25.120846,25.271902,18.954306,38215804
T,AT&T,2019-07-12,25.324774,25.422960,25.219032,25.415407,19.061932,30785251
T,AT&T,2019-07-15,25.422960,25.483383,25.354984,25.460726,19.095921,26817752
T,AT&T,2019-07-16,25.438066,25.468279,25.309668,25.362537,19.022278,23658953
T,AT&T,2019-07-17,25.347431,25.362537,25.113293,25.120846,18.841007,24888817
T,AT&T,2019-07-18,25.067976,25.075529,24.803625,24.992447,18.744711,42533500
T,AT&T,2019-07-19,25.098186,25.128399,24.750755,24.765862,18.574764,42575603
T,AT&T,2019-07-22,24.735649,24.735649,24.222054,24.267372,18.200888,47022787
T,AT&T,2019-07-23,24.282476,24.290030,23.806646,24.237160,18.178228,60340506
T,AT&T,2019-07-24,24.305136,25.219032,24.305136,25.105740,18.829679,63928943
T,AT&T,2019-07-25,25.362537,25.672205,25.264351,25.536255,19.152569,51661421
T,AT&T,2019-07-26,25.483383,25.853474,25.370090,25.793051,19.345171,45213673
T,AT&T,2019-07-29,25.732628,26.019636,25.634441,25.936556,19.452805,40963368
T,AT&T,2019-07-30,26.012085,26.163141,25.740181,25.815710,19.362162,44919083
T,AT&T,2019-07-31,25.717524,26.042295,25.596678,25.717524,19.288527,53799151
T,AT&T,2019-08-01,26.042295,26.132931,25.694864,25.770393,19.328178,54361984
T,AT&T,2019-08-02,25.528702,25.936556,25.332327,25.808157,19.356499,48294621
T,AT&T,2019-08-05,25.453173,25.634441,25.067976,25.294561,18.971298,49077502
T,AT&T,2019-08-06,25.309668,25.657101,25.143505,25.649548,19.237541,41916119
T,AT&T,2019-08-07,25.377644,25.800604,25.196375,25.725077,19.294191,50243814
T,AT&T,2019-08-08,25.868580,26.087612,25.732628,26.087612,19.566093,37732014
T,AT&T,2019-08-09,26.004532,26.125378,25.793051,26.087612,19.566093,30275643
T,AT&T,2019-08-12,26.034742,26.117825,25.883686,26.042295,19.532110,31324781
T,AT&T,2019-08-13,25.959215,26.404835,25.959215,26.329306,19.747370,41333294
T,AT&T,2019-08-14,26.132931,26.155588,25.694864,25.747734,19.311186,45830657
T,AT&T,2019-08-15,25.861027,26.027189,25.649548,25.936556,19.452805,32262702
T,AT&T,2019-08-16,26.042295,26.435045,25.989426,26.412388,19.809685,41180372
T,AT&T,2019-08-19,26.442598,26.767372,26.427492,26.722054,20.041939,34603667
T,AT&T,2019-08-20,26.654079,26.661631,26.359516,26.419941,19.815348,28856448
T,AT&T,2019-08-21,26.578550,26.623867,26.412388,26.555891,19.917313,29013606
T,AT&T,2019-08-22,26.616314,26.812689,26.495468,26.729607,20.047604,28412643
T,AT&T,2019-08-23,26.661631,26.767372,26.163141,26.299093,19.724710,44827992
T,AT&T,2019-08-26,26.412388,26.540785,26.216011,26.382175,19.787022,30713225
T,AT&T,2019-08-27,26.442598,26.465258,26.155588,26.223564,19.668062,42475509
T,AT&T,2019-08-28,26.185801,26.419941,26.080059,26.404835,19.804020,32261114
T,AT&T,2019-08-29,26.518127,26.684290,26.472811,26.548338,19.911648,30840594
T,AT&T,2019-08-30,26.570997,26.699396,26.487915,26.631420,19.973963,28610448
T,AT&T,2019-09-03,26.495468,26.729607,26.374622,26.722054,20.041939,27196284
T,AT&T,2019-09-04,26.835346,27.054380,26.767372,26.978851,20.234539,27455656
T,AT&T,2019-09-05,27.114803,27.175226,27.001511,27.107250,20.330839,28784687
T,AT&T,2019-09-06,27.152569,27.469790,27.122356,27.379154,20.534773,38748316
T,AT&T,2019-09-09,28.564955,28.806646,27.726585,27.787008,20.840668,156054584
T,AT&T,2019-09-10,28.104231,28.489426,27.922960,28.383686,21.288189,63577950
T,AT&T,2019-09-11,28.648035,29.267372,28.481873,29.259819,21.945301,72914534
T,AT&T,2019-09-12,28.980364,29.063444,28.496979,28.987915,21.741367,56491108
T,AT&T,2019-09-13,28.708460,28.965258,28.504532,28.632931,21.475126,51934430
T,AT&T,2019-09-16,28.474319,28.572508,28.028702,28.179758,21.135242,65127428
T,AT&T,2019-09-17,27.975830,28.134441,27.787008,28.066465,21.050266,46375748
T,AT&T,2019-09-18,27.764351,27.930513,27.560423,27.764351,20.823675,49625374
T,AT&T,2019-09-19,27.968279,28.111782,27.794561,28.058912,21.044601,35751178
T,AT&T,2019-09-20,28.172205,28.708460,28.081572,28.632931,21.475126,102573987
T,AT&T,2019-09-23,28.413897,28.587612,28.308157,28.398792,21.299517,28592972
T,AT&T,2019-09-24,28.542295,28.587612,28.202417,28.232628,21.174892,36647790
T,AT&T,2019-09-25,28.194864,28.368580,28.126888,28.232628,21.174892,29563331
T,AT&T,2019-09-26,28.247734,28.293051,28.081572,28.232628,21.174892,25490045
T,AT&T,2019-09-27,28.406343,28.496979,28.081572,28.270393,21.203218,32070987
T,AT&T,2019-09-30,28.391239,28.640484,28.345921,28.580059,21.435472,37524676
T,AT&T,2019-10-01,28.663141,28.670694,28.225077,28.255287,21.191887,30502974
T,AT&T,2019-10-02,28.209970,28.209970,27.885197,28.006042,21.004950,34764268
T,AT&T,2019-10-03,27.945620,28.096678,27.688822,28.089125,21.067263,26973322
T,AT&T,2019-10-04,28.111782,28.338369,28.043806,28.330816,21.248535,29014268
T,AT&T,2019-10-07,28.383686,28.602718,28.338369,28.444109,21.333502,27852194
T,AT&T,2019-10-08,28.459215,28.481873,28.232628,28.308157,21.231541,37298007
T,AT&T,2019-10-09,28.104231,28.111782,27.862537,27.983383,21.373011,32517572
T,AT&T,2019-10-10,27.945620,28.361027,27.922960,28.262840,21.586454,30928905
T,AT&T,2019-10-11,28.391239,28.549849,28.300604,28.383686,21.678751,36655734
T,AT&T,2019-10-14,28.383686,28.466766,28.179758,28.300604,21.615295,27506894
T,AT&T,2019-10-15,28.285498,28.753777,28.262840,28.625378,21.863346,30063141
T,AT&T,2019-10-16,28.564955,28.700907,28.474319,28.542295,21.799892,29173148
T,AT&T,2019-10-17,28.595165,28.595165,28.406343,28.557402,21.811430,24521672
T,AT&T,2019-10-18,28.557402,29.101208,28.542295,29.055891,22.192165,49864620
T,AT&T,2019-10-21,29.018127,29.169184,28.844412,28.874622,22.053717,35278112
T,AT&T,2019-10-22,28.564955,28.972811,28.398792,28.829306,22.019102,26683631
T,AT&T,2019-10-23,28.708460,28.806646,28.421450,28.504532,21.771053,32027692
T,AT&T,2019-10-24,28.466766,28.527189,27.598186,27.809668,21.240332,53057976
T,AT&T,2019-10-25,27.900303,28.074018,27.734138,27.877644,21.292246,44063779
T,AT&T,2019-10-28,28.927492,29.350452,28.678247,29.070997,22.203703,82403244
T,AT&T,2019-10-29,29.070997,29.070997,28.685801,28.746223,21.955648,35364040
T,AT&T,2019-10-30,28.995468,29.358006,28.783989,28.851965,22.036415,45040891
T,AT&T,2019-10-31,28.859516,29.070997,28.610271,29.070997,22.203703,52278140
T,AT&T,2019-11-01,29.418428,29.471298,29.259819,29.418428,22.469063,46648095
T,AT&T,2019-11-04,29.531721,29.833838,29.350452,29.373112,22.434452,47480891
T,AT&T,2019-11-05,29.312689,29.690332,29.297583,29.584593,22.595972,39343322
T,AT&T,2019-11-06,29.645016,29.667673,29.448641,29.645016,22.642124,29127073
T,AT&T,2019-11-07,29.675226,29.894260,29.645016,29.773415,22.740191,33818138
T,AT&T,2019-11-08,29.712992,29.780968,29.524170,29.743202,22.717115,24672872
T,AT&T,2019-11-11,29.652569,29.743202,29.607250,29.735649,22.711346,17987334
T,AT&T,2019-11-12,29.720545,29.818731,29.509064,29.584593,22.595972,21912332
T,AT&T,2019-11-13,29.599697,29.690332,29.493958,29.577040,22.590202,21974296
T,AT&T,2019-11-14,29.433535,29.516617,29.222054,29.418428,22.469063,36368956
T,AT&T,2019-11-15,29.554380,29.841391,29.501511,29.833838,22.786337,41675283
T,AT&T,2019-11-18,29.682779,29.984894,29.614803,29.932024,22.861334,34383883
T,AT&T,2019-11-19,29.395769,29.433535,28.225077,28.700907,21.921036,85473203
T,AT&T,2019-11-20,28.013596,28.406343,27.492447,28.081572,21.448004,92496494
T,AT&T,2019-11-21,27.968279,28.474319,27.968279,28.398792,21.690287,41518654
T,AT&T,2019-11-22,28.512085,28.648035,28.466766,28.512085,21.776817,26317280
T,AT&T,2019-11-25,28.625378,28.625378,28.081572,28.141994,21.494150,42985116
T,AT&T,2019-11-26,28.157101,28.277946,27.771902,28.247734,21.574915,71535058
T,AT&T,2019-11-27,28.277946,28.564955,28.247734,28.444109,21.724897,22600018
T,AT&T,2019-11-29,28.504532,28.670694,28.217524,28.232628,21.563377,24060390
T,AT&T,2019-12-02,28.308157,28.308157,28.119335,28.187311,21.528765,32951182
T,AT&T,2019-12-03,28.096678,28.361027,27.877644,28.361027,21.661444,32927880
T,AT&T,2019-12-04,28.391239,28.972811,28.330816,28.776436,21.978725,50625656
T,AT&T,2019-12-05,28.791540,28.972811,28.708460,28.844412,22.030642,28815933
T,AT&T,2019-12-06,28.919941,29.138973,28.806646,28.851965,22.036415,29930476
T,AT&T,2019-12-09,28.791540,29.025681,28.723564,28.731117,21.944105,27278637
T,AT&T,2019-12-10,28.753777,28.904835,28.564955,28.746223,21.955648,28833410
T,AT&T,2019-12-11,28.716011,28.889729,28.700907,28.829306,22.019102,24529351
T,AT&T,2019-12-12,28.851965,29.131420,28.851965,28.965258,22.122942,31237662
T,AT&T,2019-12-13,28.859516,28.912388,28.663141,28.897282,22.071022,32957538
T,AT&T,2019-12-16,28.980364,29.191843,28.980364,29.146526,22.261391,31833064
T,AT&T,2019-12-17,29.154079,29.229607,29.040785,29.078550,22.209469,45994833
T,AT&T,2019-12-18,29.154079,29.403322,29.146526,29.259819,22.347921,37645954
T,AT&T,2019-12-19,29.297583,29.403322,29.199396,29.403322,22.457521,33199697
T,AT&T,2019-12-20,29.614803,29.652569,29.373112,29.569487,22.584438,64039497
T,AT&T,2019-12-23,29.645016,29.780968,29.486404,29.509064,22.538286,38581095
T,AT&T,2019-12-24,29.531721,29.546827,29.380665,29.425982,22.474831,11515093
T,AT&T,2019-12-26,29.448641,29.607250,29.433535,29.577040,22.590202,26239032
T,AT&T,2019-12-27,29.637463,29.728098,29.607250,29.637463,22.636353,20430247
T,AT&T,2019-12-30,29.660122,29.667673,29.441088,29.486404,22.520979,23389652
T,AT&T,2019-12-31,29.463745,29.539274,29.350452,29.516617,22.544056,26766646
T,AT&T,2020-01-02,29.577040,29.622356,29.237160,29.350452,22.417145,43165445
T,AT&T,2020-01-03,29.138973,29.607250,29.131420,29.501511,22.532518,36296666
T,AT&T,2020-01-06,29.448641,29.569487,29.320242,29.531721,22.555595,51229797
T,AT&T,2020-01-07,29.516617,29.682779,29.441088,29.645016,22.642124,37337462
T,AT&T,2020-01-08,29.705439,29.871601,29.675226,29.735649,22.711346,53645832
T,AT&T,2020-01-09,29.395769,29.456194,29.116314,29.305136,22.780910,52228887
T,AT&T,2020-01-10,29.312689,29.418428,29.131420,29.131420,22.645870,39350339
T,AT&T,2020-01-13,29.108761,29.116314,28.716011,28.776436,22.369913,43780576
T,AT&T,2020-01-14,28.746223,28.844412,28.663141,28.768883,22.364044,35129295
T,AT&T,2020-01-15,28.678247,28.723564,28.542295,28.602718,22.234875,34526213
T,AT&T,2020-01-16,28.693354,28.799093,28.527189,28.723564,22.328815,36172077
T,AT&T,2020-01-17,28.738670,29.033234,28.685801,28.987915,22.534315,44477926
T,AT&T,2020-01-21,28.965258,29.184290,28.836859,29.093657,22.616510,57931090
T,AT&T,2020-01-22,29.214502,29.561934,29.184290,29.486404,22.921822,47842475
T,AT&T,2020-01-23,29.425982,29.448641,29.116314,29.176737,22.681095,38406592
T,AT&T,2020-01-24,29.154079,29.290030,28.874622,29.078550,22.604769,45632057
T,AT&T,2020-01-27,28.716011,29.131420,28.708460,28.889729,22.457985,46633398
T,AT&T,2020-01-28,28.942598,29.305136,28.904835,29.138973,22.651743,40842487
T,AT&T,2020-01-29,29.078550,29.123867,27.968279,27.983383,21.753420,76732420
T,AT&T,2020-01-30,27.545317,28.285498,27.432024,28.270393,21.976534,67100717
T,AT&T,2020-01-31,28.187311,28.519636,28.134441,28.413897,22.088087,54495840
T,AT&T,2020-02-03,28.670694,28.678247,27.794561,27.915407,21.700579,53993382
T,AT&T,2020-02-04,28.006042,28.504532,27.900303,28.421450,22.093960,42313451
T,AT&T,2020-02-05,28.496979,28.663141,28.338369,28.557402,22.199644,32620050
T,AT&T,2020-02-06,28.595165,29.063444,28.595165,29.033234,22.569540,34705482
T,AT&T,2020-02-07,29.040785,29.244713,28.972811,29.040785,22.575413,33363079
T,AT&T,2020-02-10,29.018127,29.108761,28.776436,28.957705,22.510828,24552653
T,AT&T,2020-02-11,29.070997,29.320242,28.625378,28.829306,22.411015,42338872
T,AT&T,2020-02-12,28.844412,28.950151,28.716011,28.731117,22.334682,41453646
T,AT&T,2020-02-13,28.610271,29.025681,28.587612,28.935045,22.493212,32606942
T,AT&T,2020-02-14,28.912388,29.055891,28.783989,28.889729,22.457985,36262904
T,AT&T,2020-02-18,28.836859,28.942598,28.731117,28.897282,22.463856,32138644
T,AT&T,2020-02-19,28.882175,29.191843,28.821753,29.033234,22.569540,29923989
T,AT&T,2020-02-20,29.003021,29.206949,28.935045,29.161631,22.669353,35981156
T,AT&T,2020-02-21,29.093657,29.214502,28.980364,29.116314,22.634127,37691897
T,AT&T,2020-02-24,28.693354,29.086103,28.685801,28.738670,22.340555,46190256
T,AT&T,2020-02-25,28.783989,28.912388,28.141994,28.209970,21.929562,64725329
T,AT&T,2020-02-26,28.089125,28.534742,27.885197,28.021149,21.782776,53306756
T,AT&T,2020-02-27,27.628399,27.877644,26.706949,26.986404,20.978399,87815227
T,AT&T,2020-02-28,25.679758,26.978851,24.932024,26.601208,20.678959,160070673
T,AT&T,2020-03-02,26.714502,28.262840,26.654079,28.081572,21.829748,90605027
T,AT&T,2020-03-03,28.141994,28.670694,27.092146,27.416918,21.313063,84481792
T,AT&T,2020-03-04,27.960726,28.867069,27.734138,28.836859,22.416889,55701210
T,AT&T,2020-03-05,28.247734,28.640484,27.922960,28.081572,21.829748,59974684
T,AT&T,2020-03-06,27.726585,28.134441,27.326284,27.968279,21.741678,64721224
T,AT&T,2020-03-09,26.442598,27.303625,25.966766,26.200907,20.367777,89990559
T,AT&T,2020-03-10,26.820242,27.107250,25.861027,27.077040,21.048855,75018634
T,AT&T,2020-03-11,26.321753,26.487915,25.800604,26.072508,20.267965,59972036
T,AT&T,2020-03-12,24.063444,25.249245,23.459215,23.663141,18.394997,111500925
T,AT&T,2020-03-13,24.864048,26.140484,24.063444,26.034742,20.238607,85647971
T,AT&T,2020-03-16,23.413897,25.596678,23.353474,24.025681,18.676823,77820218
T,AT&T,2020-03-17,24.259819,25.725077,24.176737,25.483383,19.809998,78966008
T,AT&T,2020-03-18,24.169184,24.856495,22.847431,24.811178,19.287447,100669546
T,AT&T,2020-03-19,23.685801,24.539274,23.036255,23.527189,18.289310,80521973
T,AT&T,2020-03-20,23.006042,23.036255,21.283989,21.487915,16.704042,154553565
T,AT&T,2020-03-23,20.687311,20.929003,19.697886,20.219032,15.717655,128274548
T,AT&T,2020-03-24,21.148035,21.374622,20.271902,21.216011,16.492674,101022392
T,AT&T,2020-03-25,21.208460,22.605740,20.672205,21.450151,16.674686,90068675
T,AT&T,2020-03-26,21.661631,23.383686,21.661631,23.111782,17.966387,84786312
T,AT&T,2020-03-27,22.424471,23.277946,22.069487,22.537764,17.520163,61415064
T,AT&T,2020-03-30,22.583082,22.968279,22.265862,22.832327,17.749147,55117988
T,AT&T,2020-03-31,22.688822,22.756798,21.941088,22.016617,17.115042,92432942
T,AT&T,2020-04-01,21.435045,21.586103,20.921450,21.185801,16.469193,72351304
T,AT&T,2020-04-02,21.148035,21.805136,21.148035,21.722054,16.886055,44775562
T,AT&T,2020-04-03,21.548338,21.706949,20.581572,20.740181,16.122776,70758797
T,AT&T,2020-04-06,21.450151,22.416918,21.382175,22.235649,17.285311,70836648
T,AT&T,2020-04-07,22.990936,23.391239,22.711479,22.719032,17.661077,71847522
T,AT&T,2020-04-08,22.620846,22.658609,21.978851,22.575529,17.960609,54010329
T,AT&T,2020-04-09,22.658609,23.368580,22.651056,23.209970,18.465359,66599583
T,AT&T,2020-04-13,23.036255,23.202417,22.583082,22.802114,18.140873,45209039
T,AT&T,2020-04-14,23.179758,23.534742,22.922960,23.512085,18.705711,42290546
T,AT&T,2020-04-15,23.134441,23.383686,22.628399,22.726585,18.080786,49706800
T,AT&T,2020-04-16,22.870090,22.870090,22.439577,22.779455,18.122847,43074884
T,AT&T,2020-04-17,23.300604,23.602718,23.187311,23.587612,18.765802,45884809
T,AT&T,2020-04-20,23.300604,23.731117,23.187311,23.398792,18.615578,40492157
T,AT&T,2020-04-21,23.043806,23.051359,22.386707,22.560423,17.948593,57214144
T,AT&T,2020-04-22,23.338369,23.338369,22.137463,22.258308,17.708237,67184129
T,AT&T,2020-04-23,22.235649,22.696375,22.152569,22.280968,17.726263,45031226
T,AT&T,2020-04-24,22.348944,22.620846,22.016617,22.439577,17.852449,47061315
T,AT&T,2020-04-27,22.651056,23.172205,22.462236,23.066465,18.351187,44116607
T,AT&T,2020-04-28,23.413897,23.504532,23.126888,23.149548,18.417286,40944435
T,AT&T,2020-04-29,23.512085,24.070997,23.466766,23.738670,18.885979,43903972
T,AT&T,2020-04-30,23.413897,23.451662,22.870090,23.013596,18.309124,53955516
T,AT&T,2020-05-01,23.240181,23.255287,22.469790,22.583082,17.966619,48791121
T,AT&T,2020-05-04,22.469790,22.469790,22.069487,22.356495,17.786350,46557268
T,AT&T,2020-05-05,22.462236,22.794561,22.447130,22.462236,17.870474,32604956
T,AT&T,2020-05-06,22.522659,22.560423,21.744713,21.744713,17.299627,59704721
T,AT&T,2020-05-07,22.031721,22.054380,21.774923,21.820242,17.359718,42122133
T,AT&T,2020-05-08,22.122356,22.545317,22.061934,22.500000,17.900522,31824326
T,AT&T,2020-05-11,22.394260,22.394260,22.016617,22.190332,17.654156,38691782
T,AT&T,2020-05-12,22.288521,22.409367,21.820242,21.820242,17.359718,46632472
T,AT&T,2020-05-13,21.752266,21.842899,21.148035,21.216011,16.879005,65226860
T,AT&T,2020-05-14,21.132931,21.601208,20.853474,21.586103,17.173441,52730948
T,AT&T,2020-05-15,21.359516,21.495468,21.200907,21.382175,17.011204,42699397
T,AT&T,2020-05-18,21.895769,22.424471,21.850452,22.243202,17.696217,46244540
T,AT&T,2020-05-19,22.250755,22.296074,21.827795,21.873112,17.401777,46628367
T,AT&T,2020-05-20,22.107250,22.522659,21.910875,22.348944,17.780342,50178408
T,AT&T,2020-05-21,22.500000,22.703926,22.303625,22.484894,17.888502,51200272
T,AT&T,2020-05-22,22.492447,22.590633,22.228098,22.567976,17.954599,35269109
T,AT&T,2020-05-26,23.141994,23.504532,23.089125,23.277946,18.519436,54791357
T,AT&T,2020-05-27,23.972811,24.154079,23.814199,24.055891,19.138357,57514957
T,AT&T,2020-05-28,24.191843,24.222054,23.391239,23.459215,18.663647,52532745
T,AT&T,2020-05-29,23.074018,23.383686,22.907854,23.308157,18.543470,57900771
T,AT&T,2020-06-01,23.225077,23.595165,23.111782,23.361027,18.585535,33027445
T,AT&T,2020-06-02,23.451662,23.489426,23.194864,23.406343,18.621588,37650588
T,AT&T,2020-06-03,23.640484,23.912388,23.625378,23.799093,18.934048,36888361
T,AT&T,2020-06-04,23.708460,24.018127,23.625378,24.018127,19.108311,40729947
T,AT&T,2020-06-05,24.577040,24.924471,24.342899,24.750755,19.691174,61816766
T,AT&T,2020-06-08,24.924471,25.105740,24.690332,25.098186,19.967581,45385793
T,AT&T,2020-06-09,24.780968,24.818731,24.433535,24.637463,19.601040,42645378
T,AT&T,2020-06-10,24.599697,24.637463,24.244713,24.274923,19.312611,36133549
T,AT&T,2020-06-11,23.564955,23.655588,22.749245,22.787008,18.128855,66021525
T,AT&T,2020-06-12,23.429003,23.474319,22.666162,23.036255,18.327152,48034323
T,AT&T,2020-06-15,22.651056,23.149548,22.296074,23.036255,18.327152,53309006
T,AT&T,2020-06-16,23.731117,23.768883,22.930513,23.247734,18.495399,55119444
T,AT&T,2020-06-17,23.247734,23.277946,22.817221,22.854984,18.182934,41680314
T,AT&T,2020-06-18,22.703926,22.968279,22.620846,22.922960,18.237017,37554730
T,AT&T,2020-06-19,23.179758,23.225077,22.643505,22.892750,18.212982,99288878
T,AT&T,2020-06-22,22.794561,22.885197,22.658609,22.741692,18.092802,39136646
T,AT&T,2020-06-23,22.885197,23.172205,22.809668,22.847431,18.176928,51520812
T,AT&T,2020-06-24,22.681269,22.688822,22.024170,22.220545,17.678190,86849104
T,AT&T,2020-06-25,22.273415,22.515106,22.061934,22.447130,17.858458,48420401
T,AT&T,2020-06-26,22.326284,22.326284,21.842899,21.963745,17.473886,101387551
T,AT&T,2020-06-29,22.152569,22.605740,22.122356,22.590633,17.972624,49695678
T,AT&T,2020-06-30,22.666162,22.915407,22.439577,22.832327,18.164909,57979814
T,AT&T,2020-07-01,22.756798,23.021149,22.545317,22.583082,17.966619,41007987
T,AT&T,2020-07-02,22.741692,23.036255,22.673716,22.719032,18.074776,49947900
T,AT&T,2020-07-06,23.066465,23.111782,22.839878,23.028702,18.321142,44639852
T,AT&T,2020-07-07,22.885197,22.998489,22.832327,22.900303,18.218988,36422181
T,AT&T,2020-07-08,23.006042,23.074018,22.771902,23.006042,18.303114,51547292
T,AT&T,2020-07-09,22.560423,22.567976,22.197886,22.311178,18.160780,52120187
T,AT&T,2020-07-10,22.280968,22.832327,22.243202,22.756798,18.523504,48846464
T,AT&T,2020-07-13,22.779455,22.787008,22.386707,22.477341,18.296034,54274864
T,AT&T,2020-07-14,22.447130,22.734138,22.303625,22.628399,18.418989,40519034
T,AT&T,2020-07-15,22.711479,22.756798,22.545317,22.666162,18.449730,40985612
T,AT&T,2020-07-16,22.635952,23.036255,22.598186,22.953173,18.683348,43674920
T,AT&T,2020-07-17,23.021149,23.058912,22.794561,22.847431,18.597277,30634712
T,AT&T,2020-07-20,22.794561,22.794561,22.507553,22.545317,18.351364,42896938
T,AT&T,2020-07-21,22.575529,22.975830,22.552870,22.847431,18.597277,45341572
T,AT&T,2020-07-22,22.779455,22.862537,22.620846,22.779455,18.541945,40393519
T,AT&T,2020-07-23,22.771902,22.771902,22.311178,22.583082,18.382105,68190502
T,AT&T,2020-07-24,22.507553,22.817221,22.250755,22.333838,18.179222,51274813
T,AT&T,2020-07-27,22.280968,22.288521,22.061934,22.122356,18.007082,44346850
T,AT&T,2020-07-28,22.099697,22.575529,22.054380,22.424471,18.252998,49871240
T,AT&T,2020-07-29,22.409367,22.409367,22.137463,22.326284,18.173075,40350092
T,AT&T,2020-07-30,22.258308,22.454683,22.175226,22.333838,18.179222,35281820
T,AT&T,2020-07-31,22.288521,22.371601,22.107250,22.341391,18.185371,51205965
T,AT&T,2020-08-03,22.620846,22.643505,22.212992,22.371601,18.209965,51608461
T,AT&T,2020-08-04,22.356495,22.779455,22.326284,22.666162,18.449730,45074786
T,AT&T,2020-08-05,22.771902,22.817221,22.500000,22.545317,18.351364,30387521
T,AT&T,2020-08-06,22.439577,22.726585,22.416918,22.537764,18.345213,29007119
T,AT&T,2020-08-07,22.462236,22.703926,22.341391,22.673716,18.455877,40278860
T,AT&T,2020-08-10,22.696375,22.809668,22.651056,22.809668,18.566542,47021066
T,AT&T,2020-08-11,22.968279,23.240181,22.734138,22.809668,18.566542,41026656
T,AT&T,2020-08-12,22.930513,23.043806,22.741692,22.794561,18.554241,28046160
T,AT&T,2020-08-13,22.658609,22.756798,22.537764,22.590633,18.388247,32958464
T,AT&T,2020-08-14,22.530210,22.771902,22.477341,22.666162,18.449730,29853155
T,AT&T,2020-08-17,22.719032,22.719032,22.507553,22.545317,18.351364,33125686
T,AT&T,2020-08-18,22.552870,22.605740,22.484894,22.500000,18.314478,29013606
T,AT&T,2020-08-19,22.515106,22.575529,22.416918,22.454683,18.277590,32808588
T,AT&T,2020-08-20,22.318731,22.567976,22.280968,22.409367,18.240704,30355348
T,AT&T,2020-08-21,22.454683,22.500000,22.303625,22.424471,18.252998,32945886
T,AT&T,2020-08-24,22.439577,22.696375,22.401814,22.681269,18.462025,34932813
T,AT&T,2020-08-25,22.726585,22.764351,22.530210,22.583082,18.382105,27839880
T,AT&T,2020-08-26,22.530210,22.749245,22.432024,22.651056,18.437435,36860557
T,AT&T,2020-08-27,22.666162,22.787008,22.522659,22.583082,18.382105,39206950
T,AT&T,2020-08-28,22.613293,22.719032,22.515106,22.688822,18.468174,35535366
T,AT&T,2020-08-31,22.771902,22.779455,22.507553,22.515106,18.326773,54923492
T,AT&T,2020-09-01,22.462236,22.469790,22.145016,22.258308,18.117746,61591818
T,AT&T,2020-09-02,22.182779,22.537764,22.145016,22.432024,18.259146,46510531
T,AT&T,2020-09-03,22.492447,22.794561,22.220545,22.348944,18.191521,58690669
T,AT&T,2020-09-04,22.379154,22.560423,22.099697,22.220545,18.087006,59361805
T,AT&T,2020-09-08,22.280968,22.356495,21.918428,22.288521,18.142338,61477424
T,AT&T,2020-09-09,22.379154,22.432024,22.182779,22.182779,18.056267,39217145
T,AT&T,2020-09-10,22.190332,22.190332,21.827795,21.835346,17.773466,62779578
T,AT&T,2020-09-11,21.873112,22.001511,21.752266,21.903322,17.828794,39282550
T,AT&T,2020-09-14,21.978851,22.129910,21.903322,22.009064,17.914865,38028987
T,AT&T,2020-09-15,22.046827,22.160122,21.948641,21.993958,17.902571,34307091
T,AT&T,2020-09-16,22.001511,22.311178,21.993958,22.084593,17.976347,40870556
T,AT&T,2020-09-17,22.016617,22.084593,21.865559,21.956194,17.871830,41904600
T,AT&T,2020-09-18,21.933535,22.069487,21.835346,21.850452,17.785759,60721023
T,AT&T,2020-09-21,21.752266,21.767372,21.344412,21.623867,17.601324,60207576
T,AT&T,2020-09-22,21.548338,21.850452,21.465258,21.533234,17.527550,37268482
T,AT&T,2020-09-23,21.563444,21.669184,21.027189,21.049849,17.134089,57973723
T,AT&T,2020-09-24,21.049849,21.344412,20.959215,21.178247,17.238600,43760980
T,AT&T,2020-09-25,21.080059,21.231117,20.959215,21.178247,17.238600,47569731
T,AT&T,2020-09-28,21.389729,21.638973,21.329306,21.435045,17.447628,40415232
T,AT&T,2020-09-29,21.419941,21.457705,21.246223,21.374622,17.398445,33695138
T,AT&T,2020-09-30,21.435045,21.654079,21.367069,21.533234,17.527550,51752777
T,AT&T,2020-10-01,21.540785,21.631420,21.404835,21.518127,17.515259,37920022
T,AT&T,2020-10-02,21.351965,21.820242,21.306646,21.661631,17.632063,37996284
T,AT&T,2020-10-05,21.518127,21.714502,21.419941,21.654079,17.625916,44305806
T,AT&T,2020-10-06,21.714502,22.024170,21.646526,21.684290,17.650511,51851282
T,AT&T,2020-10-07,21.842899,21.888218,21.669184,21.752266,17.705841,54847362
T,AT&T,2020-10-08,21.389729,21.623867,21.329306,21.608761,18.019800,42511786
T,AT&T,2020-10-09,21.623867,21.669184,21.321753,21.389729,17.837149,43291755
T,AT&T,2020-10-12,21.374622,21.374622,21.155588,21.246223,17.717480,67800584
T,AT&T,2020-10-13,21.155588,21.246223,20.906343,20.959215,17.478138,71511756
T,AT&T,2020-10-14,20.929003,21.110271,20.755287,20.762840,17.314379,64131912
T,AT&T,2020-10-15,20.626888,20.732628,20.475830,20.732628,17.289188,42483188
T,AT&T,2020-10-16,20.755287,20.823263,20.634441,20.641994,17.213604,38827756
T,AT&T,2020-10-19,20.725077,20.747734,20.256798,20.302114,16.930176,69017472
T,AT&T,2020-10-20,20.385197,20.483383,20.135952,20.211479,16.854593,55064895
T,AT&T,2020-10-21,20.219032,20.332327,20.045317,20.181269,16.829401,63219941
T,AT&T,2020-10-22,21.019636,21.525681,20.921450,21.359516,17.811954,118508460
T,AT&T,2020-10-23,21.412388,21.457705,20.959215,21.012085,17.522226,56442782
T,AT&T,2020-10-26,20.868580,20.883686,20.460726,20.679758,17.245096,54978438
T,AT&T,2020-10-27,20.574018,20.596678,20.317221,20.332327,16.955368,46561108
T,AT&T,2020-10-28,20.166162,20.302114,19.977341,20.015106,16.690834,64808211
T,AT&T,2020-10-29,20.015106,20.430513,19.901814,20.211479,16.854593,58489289
T,AT&T,2020-10-30,20.196375,20.422960,20.158609,20.407854,17.018354,64109669
T,AT&T,2020-11-02,20.694864,20.845921,20.400303,20.649548,17.219906,63620980
T,AT&T,2020-11-03,20.777946,20.996979,20.694864,20.740181,17.295483,44069208
T,AT&T,2020-11-04,20.551359,20.732628,20.287008,20.422960,17.030951,60219095
T,AT&T,2020-11-05,20.536255,21.034742,20.528702,20.777946,17.326977,46498086
T,AT&T,2020-11-06,20.762840,20.929003,20.679758,20.725077,17.282888,34735537
T,AT&T,2020-11-09,21.329306,21.744713,21.261330,21.374622,17.824551,93572376
T,AT&T,2020-11-10,21.563444,21.880665,21.518127,21.790030,18.170963,58510208
T,AT&T,2020-11-11,21.880665,21.903322,21.472811,21.699396,18.095387,52587691
T,AT&T,2020-11-12,21.525681,21.586103,21.291540,21.480364,17.912729,40346649
T,AT&T,2020-11-13,21.578550,21.895769,21.503021,21.835346,18.208755,36370545
T,AT&T,2020-11-16,21.986404,22.077040,21.827795,21.880665,18.246544,66132476
T,AT&T,2020-11-17,21.737160,22.001511,21.661631,21.925982,18.284338,37833830
T,AT&T,2020-11-18,21.941088,22.031721,21.608761,21.616314,18.026102,39135984
T,AT&T,2020-11-19,21.533234,21.533234,21.231117,21.359516,17.811954,54788444
T,AT&T,2020-11-20,21.314199,21.465258,21.268883,21.389729,17.837149,37358778
T,AT&T,2020-11-23,21.442598,21.676737,21.412388,21.616314,18.026102,36832091
T,AT&T,2020-11-24,21.850452,22.235649,21.835346,22.077040,18.410305,58266592
T,AT&T,2020-11-25,22.114803,22.122356,21.827795,21.895769,18.259144,32423701
T,AT&T,2020-11-27,21.956194,22.046827,21.812689,21.925982,18.284338,20720335
T,AT&T,2020-11-30,21.805136,21.918428,21.676737,21.714502,18.107979,57382822
T,AT&T,2020-12-01,21.767372,22.009064,21.714502,21.805136,18.183563,55682012
T,AT&T,2020-12-02,21.767372,22.054380,21.744713,21.971298,18.322126,39041053
T,AT&T,2020-12-03,21.925982,22.084593,21.827795,22.077040,18.410305,46284260
T,AT&T,2020-12-04,22.182779,22.477341,22.137463,22.311178,18.605556,49948562
T,AT&T,2020-12-07,22.492447,22.492447,22.296074,22.386707,18.668541,45853562
T,AT&T,2020-12-08,22.273415,23.361027,22.250755,23.270393,19.405457,97456992
T,AT&T,2020-12-09,23.413897,24.086103,23.391239,23.761330,19.814856,93587470
T,AT&T,2020-12-10,23.466766,23.496979,23.021149,23.179758,19.329876,62270236
T,AT&T,2020-12-11,22.983383,23.481873,22.953173,23.421450,19.531429,41708913
T,AT&T,2020-12-14,23.587612,23.617825,22.960726,23.074018,19.241697,56451785
T,AT&T,2020-12-15,23.141994,23.187311,22.870090,23.096678,19.260595,44250331
T,AT&T,2020-12-16,23.058912,23.104231,22.839878,22.877644,19.077938,45926250
T,AT&T,2020-12-17,22.688822,22.749245,22.311178,22.371601,18.655943,81662996
T,AT&T,2020-12-18,22.296074,22.416918,22.099697,22.205439,18.517380,98528240
T,AT&T,2020-12-21,21.888218,22.061934,21.714502,21.910875,18.271740,63319903
T,AT&T,2020-12-22,21.903322,21.910875,21.389729,21.450151,17.887537,84593405
T,AT&T,2020-12-23,21.525681,21.850452,21.525681,21.714502,18.107979,52034656
T,AT&T,2020-12-24,21.699396,21.722054,21.525681,21.669184,18.070189,25358704
T,AT&T,2020-12-28,21.850452,21.873112,21.525681,21.563444,17.982014,55104218
T,AT&T,2020-12-29,21.669184,21.812689,21.533234,21.555891,17.975712,48481570
T,AT&T,2020-12-30,21.555891,21.661631,21.472811,21.518127,17.944223,45476487
T,AT&T,2020-12-31,21.487915,21.752266,21.442598,21.722054,18.114281,51135925
T,AT&T,2021-01-04,22.197886,22.273415,21.918428,22.235649,18.542572,86700816
T,AT&T,2021-01-05,22.280968,22.469790,22.046827,22.099697,18.429197,83054520
T,AT&T,2021-01-06,22.212992,22.658609,22.182779,22.530210,18.788210,73455520
T,AT&T,2021-01-07,22.673716,22.726585,22.416918,22.590633,18.838598,71265359
T,AT&T,2021-01-08,22.009064,22.061934,21.714502,21.918428,18.708683,72471656
T,AT&T,2021-01-11,21.706949,21.918428,21.661631,21.805136,18.611982,40833484
T,AT&T,2021-01-12,21.805136,21.805136,21.533234,21.714502,18.534616,57515222
T,AT&T,2021-01-13,21.744713,21.752266,21.503021,21.608761,18.444361,51383116
T,AT&T,2021-01-14,21.638973,22.484894,21.548338,22.122356,18.882748,84548919
T,AT&T,2021-01-15,21.865559,22.122356,21.767372,22.031721,18.805382,53824704
T,AT&T,2021-01-19,22.114803,22.190332,21.827795,21.865559,18.663555,53971536
T,AT&T,2021-01-20,21.903322,21.910875,21.706949,21.873112,18.670002,43086270
T,AT&T,2021-01-21,21.835346,21.963745,21.729607,21.774923,18.586191,37102320
T,AT&T,2021-01-22,21.759819,21.941088,21.578550,21.850452,18.650660,45975370
T,AT&T,2021-01-25,21.722054,22.039274,21.518127,21.986404,18.766705,68733209
T,AT&T,2021-01-26,21.978851,22.537764,21.956194,22.469790,19.179304,66887024
T,AT&T,2021-01-27,21.933535,22.809668,21.873112,22.009064,18.786045,97381127
T,AT&T,2021-01-28,21.925982,22.447130,21.737160,21.752266,18.566851,69698670
T,AT&T,2021-01-29,21.737160,21.933535,21.578550,21.623867,18.457254,66272688
T,AT&T,2021-02-01,21.858006,21.888218,21.397282,21.638973,18.470150,56774709
T,AT&T,2021-02-02,21.737160,21.767372,21.435045,21.555891,18.399233,56673026
T,AT&T,2021-02-03,21.533234,21.676737,21.487915,21.533234,18.379894,53468813
T,AT&T,2021-02-04,21.540785,21.820242,21.503021,21.820242,18.624874,42001782
T,AT&T,2021-02-05,21.888218,21.956194,21.797583,21.850452,18.650660,36503739
T,AT&T,2021-02-08,21.880665,21.895769,21.616314,21.729607,18.547512,42459356
T,AT&T,2021-02-09,21.646526,21.737160,21.570997,21.616314,18.450809,43411312
T,AT&T,2021-02-10,21.631420,21.646526,21.510574,21.563444,18.405682,55965612
T,AT&T,2021-02-11,21.533234,21.676737,21.495468,21.669184,18.495935,44673216
T,AT&T,2021-02-12,21.601208,21.782476,21.593657,21.752266,18.566851,38015880
T,AT&T,2021-02-16,21.752266,22.039274,21.699396,21.880665,18.676447,51239727
T,AT&T,2021-02-17,21.767372,22.462236,21.752266,22.333838,19.063257,67769867
T,AT&T,2021-02-18,22.318731,22.348944,22.061934,22.077040,18.844067,35751575
T,AT&T,2021-02-19,22.122356,22.152569,21.888218,21.903322,18.695787,39326772
T,AT&T,2021-02-22,21.895769,22.333838,21.888218,22.145016,18.902086,46173044
T,AT&T,2021-02-23,22.394260,22.515106,21.986404,22.039274,18.811831,62175305
T,AT&T,2021-02-24,22.129910,22.348944,22.054380,22.190332,18.940765,45852636
T,AT&T,2021-02-25,22.024170,22.099697,21.593657,21.623867,18.457254,77501929
T,AT&T,2021-02-26,21.661631,21.744713,21.064955,21.064955,17.980192,102619798
T,AT&T,2021-03-01,21.268883,21.487915,21.163141,21.216011,18.109129,58790102
T,AT&T,2021-03-02,21.208460,21.495468,21.208460,21.314199,18.192936,47299370
T,AT&T,2021-03-03,21.283989,21.850452,21.283989,21.691843,18.515278,75820581
T,AT&T,2021-03-04,21.729607,22.145016,21.638973,21.842899,18.644213,80437237
T,AT&T,2021-03-05,21.910875,22.462236,21.888218,22.371601,19.095491,77737336
T,AT&T,2021-03-08,22.311178,22.953173,22.220545,22.651056,19.334021,74116593
T,AT&T,2021-03-09,22.583082,22.764351,22.364048,22.386707,19.108383,63488580
T,AT&T,2021-03-10,22.613293,22.779455,22.333838,22.651056,19.334021,57977033
T,AT&T,2021-03-11,22.590633,22.658609,22.280968,22.311178,19.043921,48327854
T,AT&T,2021-03-12,22.583082,23.315710,22.447130,22.515106,19.217981,92827229
T,AT&T,2021-03-15,22.673716,22.711479,22.416918,22.605740,19.295338,56121050
T,AT&T,2021-03-16,22.469790,22.688822,22.424471,22.651056,19.334021,50311735
T,AT&T,2021-03-17,22.749245,22.832327,22.515106,22.771902,19.437172,52881354
T,AT&T,2021-03-18,22.711479,23.036255,22.651056,22.666162,19.346918,41438817
T,AT&T,2021-03-19,22.666162,22.703926,22.371601,22.477341,19.185747,97559734
T,AT&T,2021-03-22,22.492447,22.666162,22.341391,22.651056,19.334021,41525936
T,AT&T,2021-03-23,22.620846,22.862537,22.515106,22.658609,19.340469,48880756
T,AT&T,2021-03-24,22.643505,22.877644,22.635952,22.651056,19.334021,44403518
T,AT&T,2021-03-25,22.658609,22.802114,22.515106,22.719032,19.392042,49001902
T,AT&T,2021-03-26,22.870090,23.111782,22.719032,22.892750,19.540323,83378238
T,AT&T,2021-03-29,22.960726,23.149548,22.824774,23.081572,19.701492,49355145
T,AT&T,2021-03-30,23.119335,23.217524,22.960726,23.209970,19.811089,46516092
T,AT&T,2021-03-31,23.149548,23.149548,22.809668,22.862537,19.514534,59981040
T,AT&T,2021-04-01,22.839878,23.021149,22.681269,23.013596,19.643471,42999548
T,AT&T,2021-04-05,23.126888,23.293051,23.111782,23.194864,19.798195,50996905
T,AT&T,2021-04-06,23.194864,23.398792,23.179758,23.398792,19.972261,44574314
T,AT&T,2021-04-07,23.421450,23.527189,23.262840,23.361027,19.940025,53821262
T,AT&T,2021-04-08,22.885197,22.915407,22.605740,22.658609,19.780777,66037678
T,AT&T,2021-04-09,22.696375,22.802114,22.590633,22.688822,19.807152,44111311
T,AT&T,2021-04-12,22.666162,22.779455,22.583082,22.628399,19.754402,32913051
T,AT&T,2021-04-13,22.552870,22.552870,22.288521,22.379154,19.536816,54794270
T,AT&T,2021-04-14,22.356495,22.507553,22.129910,22.454683,19.602749,41425180
T,AT&T,2021-04-15,22.492447,22.537764,22.416918,22.469790,19.615940,35073819
T,AT&T,2021-04-16,22.590633,22.681269,22.537764,22.620846,19.747810,39935944
T,AT&T,2021-04-19,22.658609,22.719032,22.515106,22.651056,19.774183,39439974
T,AT&T,2021-04-20,22.635952,22.673716,22.545317,22.575529,19.708246,35799239
T,AT&T,2021-04-21,22.628399,22.839878,22.590633,22.741692,19.853308,45489198
T,AT&T,2021-04-22,23.640484,24.086103,23.527189,23.685801,20.677504,143684584
T,AT&T,2021-04-23,23.776436,23.950151,23.716011,23.716011,20.703875,53428961
T,AT&T,2021-04-26,23.700907,23.700907,23.330816,23.345921,20.380791,60190761
T,AT&T,2021-04-27,23.293051,23.323263,23.134441,23.240181,20.288481,44211273
T,AT&T,2021-04-28,23.391239,23.527189,23.338369,23.383686,20.413763,37193014
T,AT&T,2021-04-29,23.512085,23.814199,23.496979,23.670694,20.664318,50944740
T,AT&T,2021-04-30,23.685801,23.738670,23.451662,23.723564,20.710474,41484362
T,AT&T,2021-05-03,24.003021,24.055891,23.768883,23.791540,20.769814,49589228
T,AT&T,2021-05-04,23.867069,24.229607,23.829306,24.184290,21.112682,68700639
T,AT&T,2021-05-05,24.176737,24.305136,24.025681,24.191843,21.119278,41937965
T,AT&T,2021-05-06,24.199396,24.486404,23.950151,24.478851,21.369833,38556072
T,AT&T,2021-05-07,24.320242,24.441088,24.214502,24.290030,21.204994,38330065
T,AT&T,2021-05-10,24.418428,24.848944,24.365559,24.645016,21.514891,54262286
T,AT&T,2021-05-11,24.539274,24.675226,24.229607,24.365559,21.270929,44221335
T,AT&T,2021-05-12,24.282476,24.395769,24.116314,24.146526,21.079718,41682300
T,AT&T,2021-05-13,24.040785,24.433535,23.912388,24.327795,21.237963,35838562
T,AT&T,2021-05-14,24.418428,24.584593,24.335346,24.350452,21.257738,28044703
T,AT&T,2021-05-17,25.309668,25.589125,23.595165,23.693354,20.684099,227010260
T,AT&T,2021-05-18,22.567976,22.658609,21.820242,22.318731,19.484066,327097378
T,AT&T,2021-05-19,21.941088,22.039274,21.654079,21.873112,19.095043,162369932
T,AT&T,2021-05-20,21.910875,22.432024,21.835346,22.386707,19.543406,108488825
T,AT&T,2021-05-21,22.666162,22.839878,22.552870,22.666162,19.787371,98754380
T,AT&T,2021-05-24,22.696375,22.779455,22.454683,22.469790,19.615940,63020282
T,AT&T,2021-05-25,22.439577,22.469790,22.077040,22.296074,19.464285,77290883
T,AT&T,2021-05-26,22.280968,22.386707,22.190332,22.318731,19.484066,43765747
T,AT&T,2021-05-27,22.394260,22.583082,22.333838,22.439577,19.589563,62823932
T,AT&T,2021-05-28,22.439577,22.439577,22.182779,22.228098,19.404943,54191320
T,AT&T,2021-06-01,22.250755,22.303625,22.069487,22.145016,19.332413,52162290
T,AT&T,2021-06-02,22.129910,22.386707,22.016617,22.364048,19.523624,53003692
T,AT&T,2021-06-03,22.250755,22.333838,22.046827,22.077040,19.273071,60788150
T,AT&T,2021-06-04,22.084593,22.160122,22.046827,22.107250,19.299446,45228105
T,AT&T,2021-06-07,22.129910,22.152569,21.910875,21.963745,19.174164,43812219
T,AT&T,2021-06-08,21.925982,21.933535,21.699396,21.888218,19.108231,81796720
T,AT&T,2021-06-09,21.865559,22.039274,21.812689,21.910875,19.128010,38698004
T,AT&T,2021-06-10,21.910875,22.122356,21.903322,22.039274,19.240101,46019327
T,AT&T,2021-06-11,22.069487,22.167673,22.001511,22.145016,19.332413,41163954
T,AT&T,2021-06-14,22.077040,22.114803,21.873112,21.971298,19.180759,36006312
T,AT&T,2021-06-15,21.948641,22.129910,21.933535,22.114803,19.306036,34705350
T,AT&T,2021-06-16,22.114803,22.160122,21.895769,21.948641,19.160980,40251454
T,AT&T,2021-06-17,21.933535,22.016617,21.684290,21.706949,18.949984,47283350
T,AT&T,2021-06-18,21.623867,21.729607,21.457705,21.638973,18.890642,86995009
T,AT&T,2021-06-21,21.691843,21.865559,21.654079,21.850452,19.075262,44495668
T,AT&T,2021-06-22,21.858006,21.903322,21.729607,21.737160,18.976358,41524215
T,AT&T,2021-06-23,21.752266,21.842899,21.631420,21.638973,18.890642,31479689
T,AT&T,2021-06-24,21.684290,21.782476,21.608761,21.744713,18.982952,47503266
T,AT&T,2021-06-25,21.676737,21.865559,21.646526,21.820242,19.048887,37039297
T,AT&T,2021-06-28,21.835346,21.835346,21.714502,21.737160,18.976358,35873515
T,AT&T,2021-06-29,21.752266,21.933535,21.638973,21.646526,18.897234,42715947
T,AT&T,2021-06-30,21.646526,21.797583,21.638973,21.737160,18.976358,43623814
T,AT&T,2021-07-01,21.820242,22.069487,21.797583,21.986404,19.193949,34947642
T,AT&T,2021-07-02,21.986404,22.167673,21.978851,22.077040,19.273071,37964376
T,AT&T,2021-07-06,22.114803,22.152569,21.865559,21.918428,19.134604,53233538
T,AT&T,2021-07-07,21.925982,21.956194,21.797583,21.850452,19.075262,44484282
T,AT&T,2021-07-08,21.351965,21.427492,21.216011,21.283989,19.033710,52985421
T,AT&T,2021-07-09,21.336859,21.555891,21.329306,21.487915,19.216074,45214865
T,AT&T,2021-07-12,21.404835,21.586103,21.321753,21.510574,19.236340,35588988
T,AT&T,2021-07-13,21.510574,21.616314,21.314199,21.351965,19.094500,38431218
T,AT&T,2021-07-14,21.344412,21.419941,21.268883,21.344412,19.087746,42322852
T,AT&T,2021-07-15,21.329306,21.525681,21.306646,21.472811,19.202568,36102832
T,AT&T,2021-07-16,21.525681,21.623867,21.374622,21.404835,19.141781,34673177
T,AT&T,2021-07-19,21.231117,21.299093,20.770393,20.989426,18.770288,76367393
T,AT&T,2021-07-20,20.929003,21.283989,20.883686,21.080059,18.851341,46026477
T,AT&T,2021-07-21,21.208460,21.374622,21.034742,21.072508,18.844587,40798133
T,AT&T,2021-07-22,21.344412,21.412388,20.951662,21.155588,18.918884,48904588
T,AT&T,2021-07-23,21.125378,21.306646,21.102718,21.261330,19.013445,40029948
T,AT&T,2021-07-26,21.208460,21.329306,21.155588,21.283989,19.033710,48400144
T,AT&T,2021-07-27,21.155588,21.450151,21.057402,21.299093,19.047218,45261337
T,AT&T,2021-07-28,21.261330,21.367069,21.042295,21.155588,18.918884,42069835
T,AT&T,2021-07-29,21.291540,21.487915,21.231117,21.367069,19.108007,42129018
T,AT&T,2021-07-30,21.427492,21.450151,21.155588,21.185801,18.945904,49652913
T,AT&T,2021-08-02,21.329306,21.563444,21.170694,21.231117,18.986427,43086667
T,AT&T,2021-08-03,21.208460,21.336859,21.080059,21.291540,19.040464,37982515
T,AT&T,2021-08-04,21.178247,21.238670,21.004532,21.034742,18.810816,38980149
T,AT&T,2021-08-05,21.049849,21.155588,21.042295,21.102718,18.871605,27837762
T,AT&T,2021-08-06,21.080059,21.216011,21.080059,21.117825,18.885113,30562686
T,AT&T,2021-08-09,21.125378,21.148035,21.004532,21.034742,18.810816,33359504
T,AT&T,2021-08-10,21.012085,21.231117,20.974319,21.216011,18.972919,29472770
T,AT&T,2021-08-11,21.208460,21.314199,21.163141,21.268883,19.020201,27142927
T,AT&T,2021-08-12,21.299093,21.314199,21.110271,21.163141,18.925638,25167519
T,AT&T,2021-08-13,21.178247,21.344412,21.148035,21.291540,19.040464,29052135
T,AT&T,2021-08-16,21.253777,21.367069,21.132931,21.299093,19.047218,27148223
T,AT&T,2021-08-17,21.208460,21.351965,21.155588,21.291540,19.040464,26361502
T,AT&T,2021-08-18,21.193354,21.261330,20.996979,21.019636,18.797310,36599729
T,AT&T,2021-08-19,20.996979,21.034742,20.770393,20.793051,18.594675,49881700
T,AT&T,2021-08-20,20.785498,21.027189,20.717524,20.823263,18.621695,36754240
T,AT&T,2021-08-23,20.861027,20.936556,20.770393,20.785498,18.587923,37017584
T,AT&T,2021-08-24,20.793051,20.815710,20.672205,20.732628,18.540644,38782343
T,AT&T,2021-08-25,20.732628,20.785498,20.649548,20.717524,18.527134,29708309
T,AT&T,2021-08-26,20.694864,20.709970,20.400303,20.407854,18.250206,49257302
T,AT&T,2021-08-27,20.422960,20.543806,20.302114,20.490936,18.324505,42686157
T,AT&T,2021-08-30,20.483383,20.619335,20.430513,20.566465,18.392048,40268666
T,AT&T,2021-08-31,20.536255,20.770393,20.483383,20.709970,18.520380,52696392
T,AT&T,2021-09-01,20.725077,20.740181,20.498489,20.536255,18.365032,37546257
T,AT&T,2021-09-02,20.528702,21.049849,20.513596,20.876133,18.668976,80611740
T,AT&T,2021-09-03,20.876133,20.959215,20.634441,20.815710,18.614939,35800298
T,AT&T,2021-09-07,20.747734,20.808157,20.672205,20.709970,18.520380,34935329
T,AT&T,2021-09-08,20.740181,20.951662,20.740181,20.845921,18.641958,37976292
T,AT&T,2021-09-09,20.823263,20.898792,20.702417,20.709970,18.520380,39806590
T,AT&T,2021-09-10,20.755287,20.762840,20.513596,20.528702,18.358276,38245594
T,AT&T,2021-09-13,20.649548,20.959215,20.641994,20.785498,18.587923,51168760
T,AT&T,2021-09-14,20.808157,20.853474,20.581572,20.641994,18.459591,38046729
T,AT&T,2021-09-15,20.657101,20.883686,20.626888,20.823263,18.621695,44541081
T,AT&T,2021-09-16,20.815710,20.951662,20.725077,20.845921,18.641958,38041698
T,AT&T,2021-09-17,20.709970,21.102718,20.709970,20.793051,18.594675,89996517
T,AT&T,2021-09-20,20.634441,20.672205,20.347431,20.551359,18.378540,64631457
T,AT&T,2021-09-21,20.626888,20.717524,20.347431,20.362537,18.209679,47120101
T,AT&T,2021-09-22,20.407854,20.551359,20.385197,20.400303,18.243454,41950675
T,AT&T,2021-09-23,20.438066,20.611782,20.407854,20.536255,18.365032,45047776
T,AT&T,2021-09-24,20.506042,20.679758,20.468279,20.490936,18.324505,32406489
T,AT&T,2021-09-27,20.521149,20.883686,20.513596,20.694864,18.506872,42571764
T,AT&T,2021-09-28,20.725077,20.951662,20.536255,20.574018,18.398804,43597466
T,AT&T,2021-09-29,20.604231,20.823263,20.521149,20.694864,18.506872,41619543
T,AT&T,2021-09-30,20.755287,20.777946,20.400303,20.400303,18.243454,58751838
T,AT&T,2021-10-01,20.498489,20.694864,20.400303,20.513596,18.344769,41759490
T,AT&T,2021-10-04,20.574018,20.740181,20.460726,20.581572,18.405558,57892430
T,AT&T,2021-10-05,20.619335,20.755287,20.521149,20.657101,18.473101,42649350
T,AT&T,2021-10-06,20.589125,20.649548,20.370090,20.626888,18.446083,73923686
T,AT&T,2021-10-07,20.392750,20.566465,20.370090,20.460726,18.770693,64402935
T,AT&T,2021-10-08,20.438066,20.483383,20.203926,20.219032,18.548964,51635868
T,AT&T,2021-10-11,20.158609,20.219032,19.660122,19.660122,18.036219,85460890
T,AT&T,2021-10-12,19.652569,19.660122,19.154079,19.206949,17.620478,101515979
T,AT&T,2021-10-13,19.093657,19.229607,18.889729,19.108761,17.530397,80546996
T,AT&T,2021-10-14,19.161631,19.493958,19.146526,19.350452,17.752127,75032669
T,AT&T,2021-10-15,19.403322,19.592146,19.373112,19.410875,17.807558,63061723
T,AT&T,2021-10-18,19.305136,19.373112,19.093657,19.131420,17.551188,59807596
T,AT&T,2021-10-19,19.229607,19.335346,19.086103,19.327795,17.731342,46242686
T,AT&T,2021-10-20,19.342899,19.705439,19.305136,19.569487,17.953068,63927222
T,AT&T,2021-10-21,19.728098,19.856495,19.335346,19.456194,17.849133,73916007
T,AT&T,2021-10-22,19.456194,19.486404,19.237160,19.252266,17.662050,49159193
T,AT&T,2021-10-25,19.206949,19.380665,19.123867,19.365559,17.765984,65704956
T,AT&T,2021-10-26,19.358006,19.410875,19.146526,19.161631,17.578901,48187774
T,AT&T,2021-10-27,19.176737,19.244713,18.912388,18.927492,17.364101,52952056
T,AT&T,2021-10-28,18.980364,19.365559,18.950151,19.297583,17.703625,70281362
T,AT&T,2021-10-29,19.161631,19.274923,18.995468,19.078550,17.502686,71775496
T,AT&T,2021-11-01,19.229607,19.320242,19.146526,19.161631,17.578901,53318010
T,AT&T,2021-11-02,19.184290,19.244713,18.980364,19.055891,17.481897,45810003
T,AT&T,2021-11-03,18.972811,19.131420,18.965258,19.018127,17.447250,48160500
T,AT&T,2021-11-04,18.980364,19.070997,18.534742,18.731117,17.183949,83532616
T,AT&T,2021-11-05,18.768883,19.116314,18.753777,18.957705,17.391819,58867158
T,AT&T,2021-11-08,18.927492,18.980364,18.678247,18.791540,17.239380,61161253
T,AT&T,2021-11-09,18.746223,18.768883,18.564955,18.663141,17.121586,60057567
T,AT&T,2021-11-10,18.648035,18.980364,18.625378,18.844412,17.287884,62271427
T,AT&T,2021-11-11,18.874622,18.957705,18.791540,18.821753,17.267096,40223517
T,AT&T,2021-11-12,18.844412,18.942598,18.814199,18.836859,17.280954,36217358
T,AT&T,2021-11-15,18.859516,18.919941,18.685801,18.731117,17.183949,53290206
T,AT&T,2021-11-16,18.723564,18.799093,18.602718,18.625378,17.086943,48162354
T,AT&T,2021-11-17,18.602718,18.670694,18.549849,18.625378,17.086943,42762155
T,AT&T,2021-11-18,18.602718,18.648035,18.421450,18.421450,16.899860,49734868
T,AT&T,2021-11-19,18.368580,18.383686,18.096678,18.225077,16.719707,66821750
T,AT&T,2021-11-22,18.202417,18.776436,18.179758,18.655588,17.114656,71414574
T,AT&T,2021-11-23,18.648035,18.874622,18.648035,18.700907,17.156233,58975991
T,AT&T,2021-11-24,18.632931,18.670694,18.451662,18.481873,16.955288,44597748
T,AT&T,2021-11-26,18.172205,18.368580,18.134441,18.293051,16.782064,38851588
T,AT&T,2021-11-29,18.315710,18.323263,18.013596,18.043806,16.553408,69449493
T,AT&T,2021-11-30,17.854984,17.885197,17.031721,17.243202,15.818933,184492383
T,AT&T,2021-12-01,17.371601,17.522659,16.782476,16.790030,15.403193,106323952
T,AT&T,2021-12-02,16.827795,17.567976,16.827795,17.409367,15.971371,105952835
T,AT&T,2021-12-03,17.386707,17.771902,17.303625,17.719032,16.255459,93399859
T,AT&T,2021-12-06,17.817221,18.081572,17.545317,17.583082,16.130737,78265347
T,AT&T,2021-12-07,17.598186,17.651056,17.348944,17.432024,15.992158,82646331
T,AT&T,2021-12-08,17.386707,17.802114,17.356495,17.500000,16.054520,64794044
T,AT&T,2021-12-09,17.394260,17.424471,17.129910,17.326284,15.895151,68283976
T,AT&T,2021-12-10,17.356495,17.409367,17.182779,17.250755,15.825862,52988731
T,AT&T,2021-12-13,17.152569,17.220545,16.835346,16.948641,15.548703,87574921
T,AT&T,2021-12-14,16.910875,17.167673,16.805136,16.835346,15.444766,102318985
T,AT&T,2021-12-15,16.827795,16.918428,16.631420,16.744713,15.361618,93643342
T,AT&T,2021-12-16,17.107250,18.043806,17.107250,17.907854,16.428686,150436190
T,AT&T,2021-12-17,17.975830,18.006042,17.583082,17.960726,16.477190,142867941
T,AT&T,2021-12-20,18.149548,18.345921,17.938066,18.270393,16.761280,102088344
T,AT&T,2021-12-21,18.368580,18.746223,18.277946,18.481873,16.955288,96523307
T,AT&T,2021-12-22,18.459215,18.761330,18.308157,18.716011,17.170090,67746697
T,AT&T,2021-12-23,18.768883,18.897282,18.738670,18.783989,17.232452,57348266
T,AT&T,2021-12-27,18.783989,18.950151,18.602718,18.716011,17.170090,67853676
T,AT&T,2021-12-28,18.685801,18.972811,18.648035,18.746223,17.197805,55695649
T,AT&T,2021-12-29,18.738670,18.821753,18.580059,18.610271,17.073084,44728560
T,AT&T,2021-12-30,18.632931,18.844412,18.625378,18.716011,17.170090,53706074
T,AT&T,2021-12-31,18.670694,18.753777,18.557402,18.580059,17.045366,59608069
T,AT&T,2022-01-03,18.716011,19.320242,18.716011,19.206949,17.620478,76970210
T,AT&T,2022-01-04,19.373112,19.546827,19.214502,19.365559,17.765984,72918108
T,AT&T,2022-01-05,19.637463,20.256798,19.637463,19.796074,18.160940,125367971
T,AT&T,2022-01-06,20.173716,20.234138,19.592146,19.720545,18.091650,93758133
T,AT&T,2022-01-07,19.569487,20.030210,19.463745,19.856495,18.709717,98164670
T,AT&T,2022-01-10,19.932024,20.120846,19.788521,19.984894,18.830700,77030717
T,AT&T,2022-01-11,20.128399,20.188822,19.743202,19.894260,18.745300,60054124
T,AT&T,2022-01-12,19.848944,20.022659,19.750755,19.977341,18.823584,48477730
T,AT&T,2022-01-13,20.015106,20.445620,19.879154,20.241692,19.072666,65005487
T,AT&T,2022-01-14,20.105740,20.566465,19.992447,20.528702,19.343103,72617163
T,AT&T,2022-01-18,20.551359,20.747734,20.324774,20.626888,19.435617,80247772
T,AT&T,2022-01-19,20.732628,20.755287,20.226585,20.604231,19.414268,67442309
T,AT&T,2022-01-20,20.490936,20.702417,20.362537,20.407854,19.229235,55659239
T,AT&T,2022-01-21,20.271902,20.392750,19.977341,20.098186,18.937452,79715392
T,AT&T,2022-01-24,19.780968,20.075529,19.478851,19.894260,18.745300,102910548
T,AT&T,2022-01-25,19.758308,20.098186,19.410875,20.000000,18.844933,115467364
T,AT&T,2022-01-26,20.377644,20.377644,18.172205,18.315710,17.257917,188252808
T,AT&T,2022-01-27,18.172205,18.527189,17.794561,18.217524,17.165401,116707158
T,AT&T,2022-01-28,18.179758,19.063444,18.081572,19.040785,17.941118,102063320
T,AT&T,2022-01-31,18.859516,19.290030,18.595165,19.259819,18.147501,129691758
T,AT&T,2022-02-01,18.270393,18.580059,18.217524,18.444109,17.378901,172591344
T,AT&T,2022-02-02,18.285498,18.655588,18.179758,18.534742,17.464298,93834925
T,AT&T,2022-02-03,18.504532,18.814199,18.459215,18.549849,17.478535,63825671
T,AT&T,2022-02-04,18.512085,18.534742,18.111782,18.187311,17.136936,69719192
T,AT&T,2022-02-07,18.157101,18.187311,17.854984,18.074018,17.030186,73169536
T,AT&T,2022-02-08,18.036255,18.217524,17.990936,18.081572,17.037300,42150732
T,AT&T,2022-02-09,18.134441,18.542295,18.111782,18.504532,17.435835,53029907
T,AT&T,2022-02-10,18.474319,18.617825,18.285498,18.315710,17.257917,58431827
T,AT&T,2022-02-11,18.330816,18.474319,18.134441,18.225077,17.172516,60084576
T,AT&T,2022-02-14,18.157101,18.330816,18.006042,18.164654,17.115585,57458290
T,AT&T,2022-02-15,18.255287,18.474319,18.209970,18.383686,17.321966,43586610
T,AT&T,2022-02-16,18.255287,18.383686,17.960726,18.081572,17.037300,60662502
T,AT&T,2022-02-17,17.998489,18.089125,17.824774,17.945620,16.909203,61712434
T,AT&T,2022-02-18,17.907854,18.096678,17.787008,18.028702,16.987484,62595410
T,AT&T,2022-02-22,17.953173,18.202417,17.802114,17.938066,16.902084,62168288
T,AT&T,2022-02-23,17.975830,18.074018,17.681269,17.756798,16.731285,50233222
T,AT&T,2022-02-24,17.341391,17.590633,17.107250,17.545317,16.532017,92965719
T,AT&T,2022-02-25,17.711479,18.209970,17.703926,18.058912,17.015951,59026965
T,AT&T,2022-02-28,17.817221,17.938066,17.681269,17.892750,16.859385,62788449
T,AT&T,2022-03-01,17.832327,17.945620,17.500000,17.771902,16.745514,57663378
T,AT&T,2022-03-02,17.794561,18.164654,17.771902,17.990936,16.951900,45624775
T,AT&T,2022-03-03,18.089125,18.202417,17.885197,18.058912,17.015951,49218641
T,AT&T,2022-03-04,17.900303,18.043806,17.703926,18.028702,16.987484,48190952
T,AT&T,2022-03-07,17.877644,18.028702,17.734138,17.802114,16.773985,50113532
T,AT&T,2022-03-08,17.756798,17.847431,17.371601,17.371601,16.368334,67277074
T,AT&T,2022-03-09,17.590633,17.764351,17.522659,17.567976,16.553368,58010928
T,AT&T,2022-03-10,17.537764,17.537764,17.326284,17.515106,16.503551,53623059
T,AT&T,2022-03-11,17.824774,17.900303,17.484894,17.515106,16.503551,72142244
T,AT&T,2022-03-14,17.537764,17.552870,17.228098,17.288521,16.290051,65683375
T,AT&T,2022-03-15,17.356495,17.522659,17.303625,17.439577,16.432384,47089252
T,AT&T,2022-03-16,17.484894,17.590633,17.348944,17.515106,16.503551,49791138
T,AT&T,2022-03-17,17.462236,17.575529,17.326284,17.515106,16.503551,41109008
T,AT&T,2022-03-18,17.522659,17.635952,17.386707,17.537764,16.524899,89500414
T,AT&T,2022-03-21,17.537764,17.756798,17.439577,17.492447,16.482201,50990418
T,AT&T,2022-03-22,17.567976,17.741692,17.507553,17.530210,16.517782,39631954
T,AT&T,2022-03-23,17.530210,17.711479,17.500000,17.530210,16.517782,38180320
T,AT&T,2022-03-24,17.552870,17.635952,17.492447,17.620846,16.603186,37218434
T,AT&T,2022-03-25,17.673716,18.006042,17.620846,18.006042,16.966133,42137094
T,AT&T,2022-03-28,18.126888,18.179758,17.907854,18.028702,16.987484,50968704
T,AT&T,2022-03-29,18.081572,18.172205,18.013596,18.119335,17.072884,43979838
T,AT&T,2022-03-30,18.164654,18.240181,18.066465,18.232628,17.179634,42385080
T,AT&T,2022-03-31,18.126888,18.232628,17.839878,17.847431,16.816681,69574611
T,AT&T,2022-04-01,17.915407,18.126888,17.666162,18.111782,17.065767,53381429
T,AT&T,2022-04-04,18.013596,18.277946,17.802114,18.262840,17.208099,47195569
T,AT&T,2022-04-05,18.104231,18.240181,18.013596,18.043806,17.001717,43936808
T,AT&T,2022-04-06,17.960726,18.232628,17.824774,18.149548,17.101351,49327209
T,AT&T,2022-04-07,18.058912,18.111782,17.824774,17.922960,16.887852,62815724
T,AT&T,2022-04-08,17.877644,18.308157,17.779455,18.232628,17.179634,73121078
T,AT&T,2022-04-11,18.889999,19.770000,18.850000,19.629999,18.496300,157485300
T,AT&T,2022-04-12,19.750000,20.120001,19.510000,19.559999,18.430346,104795900
T,AT&T,2022-04-13,19.120001,19.490000,19.030001,19.420000,18.562250,64100500
T,AT&T,2022-04-14,19.320000,19.590000,19.209999,19.540001,18.676950,52731100
T,AT&T,2022-04-18,19.430000,19.570000,19.290001,19.459999,18.600483,54812700
T,AT&T,2022-04-19,19.490000,19.639999,19.389999,19.490000,18.629160,57496000
T,AT&T,2022-04-20,19.520000,19.590000,19.299999,19.430000,18.571810,48751400
T,AT&T,2022-04-21,19.680000,20.350000,19.629999,20.209999,19.317354,81259800
T,AT&T,2022-04-22,20.049999,20.049999,19.500000,19.520000,18.657833,68483600
T,AT&T,2022-04-25,19.770000,19.889999,19.110001,19.510000,18.648275,71861400
T,AT&T,2022-04-26,19.450001,19.650000,19.299999,19.299999,18.447550,50825900
T,AT&T,2022-04-27,19.230000,19.360001,18.990000,19.070000,18.227709,66767000
T,AT&T,2022-04-28,19.250000,19.590000,19.100000,19.420000,18.562250,67479400
T,AT&T,2022-04-29,19.360001,19.370001,18.809999,18.860001,18.026983,70195400
T,AT&T,2022-05-02,19.000000,19.389999,18.860001,19.120001,18.275501,67551600
T,AT&T,2022-05-03,19.180000,19.680000,19.040001,19.330000,18.476225,62675300
T,AT&T,2022-05-04,19.280001,19.980000,19.209999,19.950001,19.068842,60771800
T,AT&T,2022-05-05,19.740000,19.990000,19.680000,19.950001,19.068842,55503900
T,AT&T,2022-05-06,19.799999,20.110001,19.660000,20.030001,19.145308,51506800
T,AT&T,2022-05-09,19.980000,20.040001,19.469999,19.549999,18.686506,51563300
T,AT&T,2022-05-10,19.660000,19.850000,19.240000,19.360001,18.504900,42465900
T,AT&T,2022-05-11,19.500000,19.660000,19.290001,19.430000,18.571810,50074200
T,AT&T,2022-05-12,19.400000,19.740000,19.389999,19.719999,18.848997,52687000
T,AT&T,2022-05-13,19.740000,19.860001,19.540001,19.840000,18.963699,34107300
T,AT&T,2022-05-16,19.930000,20.379999,19.680000,20.280001,19.384264,40027000
T,AT&T,2022-05-17,20.400000,20.670000,20.240000,20.570000,19.661455,42938400
T,AT&T,2022-05-18,20.510000,20.629999,20.129999,20.230000,19.336473,43342800
T,AT&T,2022-05-19,19.920000,20.340000,19.910000,20.209999,19.317354,41588100
T,AT&T,2022-05-20,20.209999,20.420000,20.090000,20.400000,19.498966,47415800
T,AT&T,2022-05-23,20.530001,20.910000,20.420000,20.740000,19.823948,46775100
T,AT&T,2022-05-24,20.799999,21.230000,20.600000,21.160000,20.225397,49841200
T,AT&T,2022-05-25,21.120001,21.370001,21.059999,21.299999,20.359213,40179400
T,AT&T,2022-05-26,21.379999,21.530001,21.270000,21.320000,20.378330,28495500
T,AT&T,2022-05-27,21.309999,21.410000,21.150000,21.290001,20.349655,34169600
T,AT&T,2022-05-31,21.190001,21.430000,20.969999,21.290001,20.349655,61515300
T,AT&T,2022-06-01,21.440001,21.469999,21.120001,21.219999,20.282747,35928900
T,AT&T,2022-06-02,21.260000,21.260000,20.940001,21.190001,20.254072,27085200
T,AT&T,2022-06-03,21.059999,21.150000,20.799999,20.900000,19.976879,27796900
T,AT&T,2022-06-06,20.920000,21.049999,20.830000,20.940001,20.015116,22002900
T,AT&T,2022-06-07,20.900000,21.190001,20.770000,21.139999,20.206280,24977700
T,AT&T,2022-06-08,21.090000,21.200001,20.990000,21.049999,20.120255,20732900
T,AT&T,2022-06-09,21.020000,21.160000,20.870001,20.879999,19.957764,24934500
T,AT&T,2022-06-10,20.680000,20.850000,20.629999,20.690001,19.776155,33572700
T,AT&T,2022-06-13,20.400000,20.490000,19.680000,19.760000,18.887232,56215900
T,AT&T,2022-06-14,19.879999,19.959999,19.299999,19.450001,18.590925,42638300
T,AT&T,2022-06-15,19.600000,19.709999,19.180000,19.440001,18.581366,38941900
T,AT&T,2022-06-16,19.280001,19.290001,18.670000,18.959999,18.122566,67896400
T,AT&T,2022-06-17,19.139999,19.420000,19.000000,19.379999,18.524015,97645400
T,AT&T,2022-06-21,19.650000,20.049999,19.469999,19.959999,19.078398,49307700
T,AT&T,2022-06-22,19.850000,20.549999,19.820000,20.320000,19.422499,46607400
T,AT&T,2022-06-23,20.430000,20.780001,20.080000,20.610001,19.699690,51713600
T,AT&T,2022-06-24,20.700001,21.059999,20.510000,20.990000,20.062904,47641700
T,AT&T,2022-06-27,20.950001,21.040001,20.670000,20.780001,19.862183,32339900
T,AT&T,2022-06-28,20.930000,21.059999,20.600000,20.610001,19.699690,26754000
T,AT&T,2022-06-29,20.670000,21.020000,20.540001,20.950001,20.024673,26585700
T,AT&T,2022-06-30,20.790001,21.150000,20.750000,20.959999,20.034229,37655700
T,AT&T,2022-07-01,20.969999,21.389999,20.870001,21.309999,20.368769,32762500
T,AT&T,2022-07-05,21.129999,21.190001,20.780001,21.170000,20.234955,36960500
T,AT&T,2022-07-06,21.170000,21.230000,20.889999,21.090000,20.158487,27645000
T,AT&T,2022-07-07,21.170000,21.320000,21.030001,21.150000,20.215837,27015400
T,AT&T,2022-07-08,20.930000,21.059999,20.750000,20.799999,20.146101,22366300
T,AT&T,2022-07-11,20.709999,20.860001,20.629999,20.660000,20.010504,23326400
T,AT&T,2022-07-12,20.629999,20.860001,20.450001,20.600000,19.952391,26448000
T,AT&T,2022-07-13,20.450001,20.600000,20.230000,20.450001,19.807106,25213100
T,AT&T,2022-07-14,20.129999,20.350000,20.049999,20.330000,19.690878,26621000
T,AT&T,2022-07-15,20.540001,20.590000,20.209999,20.570000,19.923332,23838000
T,AT&T,2022-07-18,20.629999,20.690001,20.510000,20.530001,19.884590,22507400
T,AT&T,2022-07-19,20.600000,20.860001,20.530001,20.799999,20.146101,21813100
T,AT&T,2022-07-20,20.820000,20.830000,20.400000,20.480000,19.836163,34207200
T,AT&T,2022-07-21,19.040001,19.120001,18.240000,18.920000,18.325205,123409000
T,AT&T,2022-07-22,18.660000,18.690001,18.250000,18.400000,17.821552,72016300
T,AT&T,2022-07-25,18.379999,18.650000,18.330000,18.530001,17.947466,39493100
T,AT&T,2022-07-26,18.400000,18.450001,18.180000,18.299999,17.724695,38885000
T,AT&T,2022-07-27,18.350000,18.490000,18.230000,18.389999,17.811865,36607400
T,AT&T,2022-07-28,18.299999,18.770000,18.290001,18.580000,17.995893,41940100
T,AT&T,2022-07-29,18.510000,18.850000,18.480000,18.780001,18.189606,40819800
T,AT&T,2022-08-01,18.850000,18.870001,18.610001,18.730000,18.141176,37087800
T,AT&T,2022-08-02,18.719999,18.740000,18.320000,18.360001,17.782810,43625200
T,AT&T,2022-08-03,18.420000,18.510000,18.309999,18.370001,17.792496,35524300
T,AT&T,2022-08-04,18.309999,18.379999,18.219999,18.270000,17.695639,28287800
T,AT&T,2022-08-05,18.270000,18.360001,18.090000,18.350000,17.773123,32726400
T,AT&T,2022-08-08,18.360001,18.410000,18.000000,18.000000,17.434126,44042500
T,AT&T,2022-08-09,18.040001,18.219999,18.040001,18.100000,17.530983,33257500
T,AT&T,2022-08-10,18.219999,18.250000,17.990000,18.010000,17.443813,50229500
T,AT&T,2022-08-11,18.059999,18.170000,18.010000,18.040001,17.472870,40798900
T,AT&T,2022-08-12,18.100000,18.270000,18.090000,18.270000,17.695639,25822300
T,AT&T,2022-08-15,18.190001,18.459999,18.190001,18.389999,17.811865,28845400
T,AT&T,2022-08-16,18.370001,18.700001,18.370001,18.570000,17.986206,34241000
T,AT&T,2022-08-17,18.420000,18.610001,18.320000,18.420000,17.840923,23772300
T,AT&T,2022-08-18,18.260000,18.530001,18.180000,18.430000,17.850609,33817400
T,AT&T,2022-08-19,18.379999,18.510000,18.320000,18.430000,17.850609,27161400
T,AT&T,2022-08-22,18.309999,18.330000,18.070000,18.129999,17.560040,32057100
T,AT&T,2022-08-23,18.110001,18.190001,18.020000,18.059999,17.492239,27298200
T,AT&T,2022-08-24,18.070000,18.070000,17.860001,18.010000,17.443813,30647700
T,AT&T,2022-08-25,18.049999,18.100000,17.940001,18.090000,17.521297,25198600
T,AT&T,2022-08-26,18.020000,18.090000,17.850000,17.889999,17.327583,30590700
T,AT&T,2022-08-29,17.809999,17.920000,17.709999,17.780001,17.221043,25465400
T,AT&T,2022-08-30,17.809999,17.900000,17.750000,17.820000,17.259785,32481900
T,AT&T,2022-08-31,17.820000,17.860001,17.510000,17.540001,16.988588,46669900
T,AT&T,2022-09-01,17.490000,17.670000,17.410000,17.500000,16.949844,30623200
T,AT&T,2022-09-02,17.570000,17.610001,17.160000,17.190001,16.649591,36489600
T,AT&T,2022-09-06,17.200001,17.230000,16.780001,16.790001,16.262165,57232600
T,AT&T,2022-09-07,16.760000,17.139999,16.680000,16.870001,16.339651,55566600
T,AT&T,2022-09-08,16.860001,16.930000,16.700001,16.770000,16.242794,49770900
T,AT&T,2022-09-09,16.920000,17.070000,16.860001,17.030001,16.494621,55081300
T,AT&T,2022-09-12,17.070000,17.400000,17.030001,17.379999,16.833616,43425000
T,AT&T,2022-09-13,17.180000,17.320000,16.780001,16.830000,16.300907,42274600
T,AT&T,2022-09-14,16.889999,16.920000,16.700001,16.770000,16.242794,41000300
T,AT&T,2022-09-15,16.830000,16.920000,16.629999,16.760000,16.233109,38637300
T,AT&T,2022-09-16,16.670000,16.809999,16.549999,16.740000,16.213737,69825900
T,AT&T,2022-09-19,16.629999,16.860001,16.580000,16.760000,16.233109,33805300
T,AT&T,2022-09-20,16.650000,16.650000,16.459999,16.559999,16.039396,36187500
T,AT&T,2022-09-21,16.580000,16.660000,16.250000,16.250000,15.739141,38815600
T,AT&T,2022-09-22,16.260000,16.379999,16.139999,16.240000,15.729456,37800400
T,AT&T,2022-09-23,16.100000,16.129999,15.850000,16.010000,15.506687,46225600
T,AT&T,2022-09-26,15.910000,15.980000,15.580000,15.670000,15.177376,46841200
T,AT&T,2022-09-27,15.810000,16.030001,15.670000,15.730000,15.235489,41183400
T,AT&T,2022-09-28,15.780000,15.920000,15.710000,15.830000,15.332346,42670800
T,AT&T,2022-09-29,15.670000,15.750000,15.410000,15.530000,15.041777,51308300
T,AT&T,2022-09-30,15.530000,15.680000,15.340000,15.340000,14.857750,63932700
T,AT&T,2022-10-03,15.730000,16.180000,15.660000,15.900000,15.400145,59540500
T,AT&T,2022-10-04,15.990000,16.150000,15.890000,16.090000,15.584172,46876200
T,AT&T,2022-10-05,15.970000,16.139999,15.760000,15.930000,15.429202,38250100
T,AT&T,2022-10-06,15.640000,15.810000,15.310000,15.320000,15.101928,52923900
T,AT&T,2022-10-07,15.230000,15.240000,14.900000,14.940000,14.727337,53446900
T,AT&T,2022-10-10,15.000000,15.130000,14.760000,14.900000,14.687906,43852600
T,AT&T,2022-10-11,14.850000,14.910000,14.680000,14.810000,14.599188,49661500
T,AT&T,2022-10-12,14.760000,14.940000,14.620000,14.630000,14.421750,46719600
T,AT&T,2022-10-13,14.490000,15.150000,14.460000,15.120000,14.904775,60354500
T,AT&T,2022-10-14,15.190000,15.270000,14.970000,14.990000,14.776625,47185600
T,AT&T,2022-10-17,15.140000,15.400000,15.080000,15.310000,15.092071,44240700
T,AT&T,2022-10-18,15.560000,15.700000,15.450000,15.600000,15.377942,49420200
T,AT&T,2022-10-19,15.460000,15.760000,15.400000,15.540000,15.318796,47349100
T,AT&T,2022-10-20,16.209999,17.160000,16.120001,16.740000,16.501715,117495700
T,AT&T,2022-10-21,16.830000,17.400000,16.770000,17.100000,16.856590,81050700
T,AT&T,2022-10-24,17.430000,17.850000,17.389999,17.510000,17.260754,69196500
T,AT&T,2022-10-25,17.530001,17.889999,17.500000,17.690001,17.438192,58235100
T,AT&T,2022-10-26,17.850000,18.240000,17.760000,18.139999,17.881786,65157700
T,AT&T,2022-10-27,18.350000,18.350000,17.990000,18.030001,17.773354,53975500
T,AT&T,2022-10-28,18.280001,18.590000,18.230000,18.480000,18.216946,55833900
T,AT&T,2022-10-31,18.350000,18.389999,18.129999,18.230000,17.970505,47573900
T,AT&T,2022-11-01,18.570000,18.580000,18.240000,18.350000,18.088799,48025700
T,AT&T,2022-11-02,18.270000,18.799999,18.270000,18.430000,18.167658,49201100
T,AT&T,2022-11-03,18.170000,18.330000,18.070000,18.170000,17.911360,41249400
T,AT&T,2022-11-04,18.340000,18.410000,18.090000,18.320000,18.059223,39458700
T,AT&T,2022-11-07,18.340000,18.400000,18.150000,18.360001,18.098656,39985200
T,AT&T,2022-11-08,18.379999,18.730000,18.299999,18.570000,18.305666,43210400
T,AT&T,2022-11-09,18.480000,18.719999,18.379999,18.379999,18.118370,41838400
T,AT&T,2022-11-10,18.830000,18.969999,18.580000,18.840000,18.571823,46482700
T,AT&T,2022-11-11,18.820000,19.129999,18.780001,19.049999,18.778831,52519500
T,AT&T,2022-11-14,19.080000,19.360001,19.040001,19.059999,18.788691,37316500
T,AT&T,2022-11-15,19.120001,19.389999,18.809999,19.020000,18.749260,49339300
T,AT&T,2022-11-16,19.000000,19.049999,18.780001,18.930000,18.660542,32155400
T,AT&T,2022-11-17,18.709999,18.990000,18.520000,18.950001,18.680258,36007800
T,AT&T,2022-11-18,19.040001,19.120001,18.920000,18.969999,18.699970,34211300
T,AT&T,2022-11-21,18.980000,19.080000,18.760000,18.840000,18.571823,31911400
T,AT&T,2022-11-22,18.900000,19.040001,18.889999,19.000000,18.729546,33771000
T,AT&T,2022-11-23,18.930000,19.110001,18.889999,19.090000,18.818264,21486000
T,AT&T,2022-11-25,19.170000,19.290001,19.070000,19.120001,18.847837,13782700
T,AT&T,2022-11-28,19.100000,19.150000,18.770000,18.820000,18.552107,27780200
T,AT&T,2022-11-29,18.790001,19.030001,18.750000,19.010000,18.739403,24088000
T,AT&T,2022-11-30,18.940001,19.280001,18.799999,19.280001,19.005560,59293400
T,AT&T,2022-12-01,19.290001,19.400000,19.090000,19.190001,18.916842,31615500
T,AT&T,2022-12-02,19.049999,19.059999,18.860001,19.020000,18.749260,33479600
T,AT&T,2022-12-05,18.920000,18.980000,18.690001,18.750000,18.483103,28698000
T,AT&T,2022-12-06,18.889999,19.180000,18.809999,19.170000,18.897125,45858100
T,AT&T,2022-12-07,19.049999,19.420000,19.000000,19.299999,19.025274,45381000
T,AT&T,2022-12-08,19.430000,19.520000,19.020000,19.120001,18.847837,45761100
T,AT&T,2022-12-09,19.070000,19.350000,19.030001,19.090000,18.818264,29815600
T,AT&T,2022-12-12,19.139999,19.309999,19.070000,19.299999,19.025274,31333500
T,AT&T,2022-12-13,19.410000,19.500000,19.070000,19.120001,18.847837,54142100
T,AT&T,2022-12-14,19.049999,19.100000,18.760000,18.900000,18.630968,44027700
T,AT&T,2022-12-15,18.639999,18.809999,18.360001,18.469999,18.207088,47277400
T,AT&T,2022-12-16,18.360001,18.510000,18.219999,18.490000,18.226805,76412500
T,AT&T,2022-12-19,18.270000,18.320000,17.639999,17.860001,17.605772,62216900
T,AT&T,2022-12-20,17.850000,18.090000,17.830000,18.070000,17.812782,40922700
T,AT&T,2022-12-21,18.180000,18.270000,18.070000,18.150000,17.891644,42316200
T,AT&T,2022-12-22,18.010000,18.280001,17.920000,18.270000,18.009937,32615000
T,AT&T,2022-12-23,18.170000,18.320000,18.100000,18.309999,18.049366,25164100
T,AT&T,2022-12-27,18.250000,18.520000,18.219999,18.459999,18.197231,30382500
T,AT&T,2022-12-28,18.450001,18.549999,18.190001,18.219999,17.960648,26632300
T,AT&T,2022-12-29,18.270000,18.549999,18.240000,18.450001,18.187374,23765900
T,AT&T,2022-12-30,18.420000,18.480000,18.219999,18.410000,18.147943,26204200
T,AT&T,2023-01-03,18.510000,18.850000,18.410000,18.740000,18.473246,42149200
T,AT&T,2023-01-04,18.870001,19.370001,18.809999,19.139999,18.867552,43926800
T,AT&T,2023-01-05,19.139999,19.320000,18.959999,19.209999,18.936554,31081800
T,AT&T,2023-01-06,19.350000,19.790001,19.340000,19.530001,19.252001,36050300
T,AT&T,2023-01-09,19.240000,19.240000,18.980000,19.040001,19.040001,51981100
T,AT&T,2023-01-10,19.350000,19.480000,19.200001,19.469999,19.469999,32869500
T,AT&T,2023-01-11,19.469999,19.490000,19.250000,19.410000,19.410000,30010200
T,AT&T,2023-01-12,19.480000,19.570000,19.370001,19.410000,19.410000,31740400
T,AT&T,2023-01-13,19.389999,19.590000,19.290001,19.549999,19.549999,25480000
T,AT&T,2023-01-17,19.549999,19.570000,19.270000,19.330000,19.330000,38801000
T,AT&T,2023-01-18,19.290001,19.330000,18.969999,19.020000,19.020000,38023700
T,AT&T,2023-01-19,18.930000,19.020000,18.790001,18.940001,18.940001,40180800
T,AT&T,2023-01-20,18.959999,19.230000,18.770000,19.230000,19.230000,37836600
T,AT&T,2023-01-23,19.230000,19.400000,18.980000,19.100000,19.100000,32890800
T,AT&T,2023-01-24,18.969999,21.530001,18.700001,19.160000,19.160000,32858500
T,AT&T,2023-01-25,19.750000,20.480000,19.740000,20.420000,20.420000,73582100
T,AT&T,2023-01-26,20.270000,20.320000,19.809999,20.000000,20.000000,47400900
T,AT&T,2023-01-27,19.950001,20.100000,19.809999,19.950001,19.950001,37094000
T,AT&T,2023-01-30,19.920000,20.260000,19.889999,20.160000,20.160000,37246000
T,AT&T,2023-01-31,20.160000,20.379999,20.070000,20.370001,20.370001,36575900
T,AT&T,2023-02-01,20.469999,20.500000,20.070000,20.180000,20.180000,40172500
T,AT&T,2023-02-02,20.100000,20.490000,20.040001,20.280001,20.280001,34968800
T,AT&T,2023-02-03,20.219999,20.260000,19.770000,19.830000,19.830000,31599900
T,AT&T,2023-02-06,19.750000,19.760000,19.490000,19.580000,19.580000,30929800
T,AT&T,2023-02-07,19.490000,19.540001,19.090000,19.250000,19.250000,36534400
T,AT&T,2023-02-08,19.090000,19.219999,19.020000,19.160000,19.160000,29805200
T,AT&T,2023-02-09,19.209999,19.250000,18.889999,18.969999,18.969999,28320900
T,AT&T,2023-02-10,19.030001,19.110001,18.830000,19.070000,19.070000,24931200
T,AT&T,2023-02-13,19.010000,19.320000,18.990000,19.260000,19.260000,21668700
T,AT&T,2023-02-14,19.299999,19.350000,19.030001,19.150000,19.150000,23195200
T,AT&T,2023-02-15,19.010000,19.270000,18.990000,19.250000,19.250000,31145400
T,AT&T,2023-02-16,19.040001,19.420000,18.930000,19.260000,19.260000,35161100
T,AT&T,2023-02-17,19.260000,19.510000,19.129999,19.440001,19.440001,29997500
T,AT&T,2023-02-21,19.219999,19.360001,19.129999,19.209999,19.209999,28220300
T,AT&T,2023-02-22,19.219999,19.430000,19.219999,19.379999,19.379999,25308800
T,AT&T,2023-02-23,19.420000,19.580000,19.260000,19.350000,19.350000,24845800
T,AT&T,2023-02-24,19.260000,19.270000,18.980000,19.240000,19.240000,29138100
T,AT&T,2023-02-27,19.299999,19.340000,19.010000,19.030001,19.030001,22981100
T,AT&T,2023-02-28,19.020000,19.030001,18.840000,18.910000,18.910000,34154800
T,AT&T,2023-03-01,18.830000,18.860001,18.559999,18.660000,18.660000,23339900
T,AT&T,2023-03-02,18.530001,18.750000,18.500000,18.660000,18.660000,24184800
T,AT&T,2023-03-03,18.700001,18.850000,18.670000,18.809999,18.809999,23495500
T,AT&T,2023-03-06,18.850000,18.959999,18.770000,18.770000,18.770000,24072100
T,AT&T,2023-03-07,18.799999,18.930000,18.600000,18.709999,18.709999,27944000
T,AT&T,2023-03-08,18.570000,18.639999,18.180000,18.610001,18.610001,31508200